ensembl_gene_id,Log2 RPKM mean_FemaleASD,Log2 RPKM mean_MaleASD,Log2 RPKM mean_MaleControl,Log2 RPKM mean_FemaleControl
ENSG00000079101,0.879488,0.700144,,
ENSG00000101605,0.582701,0.543139,,
ENSG00000238445,0.987459,0.567727,,
ENSG00000207278,0.710842,0.748746,,
ENSG00000250933,0.526434,0.568475,,
ENSG00000206432,0.803398,0.663278,,
ENSG00000207092,0.503331,0.55313,,
ENSG00000238309,0.503331,0.631453,,
ENSG00000215527,0.747661,0.852171,,
ENSG00000186481,0.798608,0.572215,,
ENSG00000212329,0.844746,0.893836,,
ENSG00000180777,0.700044,0.629566,,
ENSG00000199874,0.653104,0.647466,,
ENSG00000260372,0.766733,0.563177,,
ENSG00000199204,0.738095,0.535414,,
ENSG00000167306,0.575797,0.578435,,
ENSG00000141642,0.562008,0.534964,,
ENSG00000081923,0.616871,0.52424,,
ENSG00000101493,0.561397,0.508018,,
ENSG00000263146,0.646607,0.683366,,
ENSG00000226762,0.726942,0.805748,,
ENSG00000196139,0.536666,0.519089,,
ENSG00000235141,0.796245,0.963624,,
ENSG00000252118,0.703762,0.551701,,
ENSG00000239665,0.624543,0.521498,,
ENSG00000207930,0.610514,0.554514,,
ENSG00000151023,0.628045,0.640599,,
ENSG00000206605,1.23457,0.80589,,
ENSG00000253054,0.773761,0.704727,,
ENSG00000226578,0.575724,0.558205,,
ENSG00000243660,0.54676,0.569431,,
ENSG00000252532,0.607959,0.567428,,
ENSG00000226561,0.639254,0.50917,,
ENSG00000235279,0.511804,0.677298,,
ENSG00000150275,0.516167,0.670143,,
ENSG00000122870,0.537362,0.675554,,
ENSG00000226095,0.729535,0.82362,,
ENSG00000221159,1.03816,0.669589,,
ENSG00000236375,0.574338,0.614809,,
ENSG00000138346,0.575284,0.58685,,
ENSG00000224222,0.604167,0.580606,,
ENSG00000156521,0.583388,0.591372,,
ENSG00000244365,0.551469,0.507052,,
ENSG00000156042,0.689402,0.585595,,
ENSG00000251582,0.587799,0.519318,,
ENSG00000206756,0.875753,0.66816,,
ENSG00000242897,0.717312,0.650753,,
ENSG00000207275,0.850765,0.617624,,
ENSG00000198682,0.575203,0.571561,,
ENSG00000107796,0.806041,1.65811,,
ENSG00000138193,0.57416,0.697021,,
ENSG00000231829,0.772337,0.716248,,
ENSG00000236552,0.635411,0.563648,,
ENSG00000224474,0.753316,0.642859,,
ENSG00000075826,0.689997,0.615001,,
ENSG00000186862,0.554578,0.502707,,
ENSG00000203886,0.636967,0.595237,,
ENSG00000234221,0.509126,0.616277,,
ENSG00000228169,0.75908,0.717117,,
ENSG00000176769,0.68909,0.616453,,
ENSG00000171813,0.604493,0.501745,,
ENSG00000235245,0.58821,0.530225,,
ENSG00000198546,0.622886,0.528488,,
ENSG00000171772,0.533087,0.608558,,
ENSG00000196476,0.560107,0.604586,,
ENSG00000234282,0.634876,0.591113,,
ENSG00000185019,0.598452,0.555122,,
ENSG00000226632,0.996536,0.648817,,
ENSG00000221201,0.841769,0.592858,,
ENSG00000201348,0.895189,0.639032,,
ENSG00000234187,0.686148,0.678692,,
ENSG00000239923,0.554644,0.544229,,
ENSG00000089091,0.579241,0.527607,,
ENSG00000221748,0.734339,0.60036,,
ENSG00000101004,0.516959,0.582851,,
ENSG00000226465,0.564682,0.522202,,
ENSG00000174365,0.587444,0.575994,,
ENSG00000244558,0.688233,0.538702,,
ENSG00000132801,0.596391,0.545327,,
ENSG00000182463,0.668034,0.522002,,
ENSG00000196074,0.778663,0.596418,,
ENSG00000132825,0.64736,0.607361,,
ENSG00000101181,0.669236,0.626433,,
ENSG00000101180,0.683316,0.618731,,
ENSG00000149679,0.765037,0.72357,,
ENSG00000225978,0.638411,0.538215,,
ENSG00000101216,0.618774,0.601059,,
ENSG00000197114,0.59908,0.549832,,
ENSG00000130584,0.557656,0.694428,,
ENSG00000199805,0.64872,0.547727,,
ENSG00000216164,0.806296,0.65987,,
ENSG00000207554,0.61569,0.688978,,
ENSG00000184731,0.643708,0.611046,,
ENSG00000234423,0.823975,0.683502,,
ENSG00000238722,0.743805,0.589011,,
ENSG00000236008,0.765445,0.79866,,
ENSG00000205795,0.510745,0.537581,,
ENSG00000119771,0.509039,0.521421,,
ENSG00000221445,0.603414,0.712809,,
ENSG00000171303,0.581875,0.650673,,
ENSG00000163793,0.656481,0.599023,,
ENSG00000200003,1.06036,0.549817,,
ENSG00000225991,0.839434,0.838267,,
ENSG00000213626,0.675543,0.601297,,
ENSG00000158089,0.616677,0.622673,,
ENSG00000207653,0.626314,0.56366,,
ENSG00000115841,0.615773,0.514248,,
ENSG00000252239,0.975121,0.709848,,
ENSG00000152527,0.57292,0.57638,,
ENSG00000143919,0.53575,0.579679,,
ENSG00000238165,0.687866,0.750783,,
ENSG00000233266,0.564317,0.577969,,
ENSG00000233723,0.603695,0.546392,,
ENSG00000237162,0.503563,0.542019,,
ENSG00000232693,0.687623,0.604349,,
ENSG00000232228,0.872032,0.562487,,
ENSG00000250810,0.57331,0.561342,,
ENSG00000162951,0.679812,0.695261,,
ENSG00000212001,0.642967,0.740041,,
ENSG00000153574,0.580138,0.625821,,
ENSG00000163067,0.516215,0.503913,,
ENSG00000170417,0.71271,0.695919,,
ENSG00000234177,0.517422,0.575505,,
ENSG00000201470,0.529647,0.747062,,
ENSG00000163046,1.00513,0.798315,,
ENSG00000121988,0.560321,0.635026,,
ENSG00000212389,0.563226,0.666291,,
ENSG00000153250,0.665739,0.626184,,
ENSG00000115290,0.619567,0.634723,,
ENSG00000082438,0.7293,0.672722,,
ENSG00000223318,0.946773,0.679388,,
ENSG00000169507,0.935624,0.696916,,
ENSG00000228222,0.885948,0.816999,,
ENSG00000252779,0.92008,0.769806,,
ENSG00000144355,0.790049,0.790353,,
ENSG00000223960,0.697426,0.671053,,
ENSG00000232430,0.682333,0.577276,,
ENSG00000162998,0.511532,1.00537,,
ENSG00000188738,0.666546,0.715872,,
ENSG00000226410,0.803694,0.72806,,
ENSG00000223249,0.982485,0.996398,,
ENSG00000231145,0.61569,0.575312,,
ENSG00000252130,1.0802,0.724488,,
ENSG00000236977,0.617096,0.605962,,
ENSG00000212534,0.903826,0.844527,,
ENSG00000236047,0.590801,0.619369,,
ENSG00000233579,0.827636,1.03041,,
ENSG00000115457,0.566173,0.520353,,
ENSG00000072195,0.589771,0.625462,,
ENSG00000221199,0.97838,0.640105,,
ENSG00000221432,1.1817,0.714375,,
ENSG00000232784,0.763289,0.589222,,
ENSG00000144460,0.682173,0.877646,,
ENSG00000169047,0.798827,0.660827,,
ENSG00000241530,0.561488,0.933895,,
ENSG00000207626,0.853469,0.625477,,
ENSG00000199781,0.680043,0.55545,,
ENSG00000235529,0.534978,0.62884,,
ENSG00000144476,0.523587,0.57713,,
ENSG00000142330,0.554182,0.575858,,
ENSG00000162804,0.581966,0.647286,,
ENSG00000237161,1.04013,0.580622,,
ENSG00000187667,0.594946,0.537228,,
ENSG00000261622,0.73369,0.649269,,
ENSG00000200661,0.808565,0.524216,,
ENSG00000200398,1.02759,0.532296,,
ENSG00000259152,0.514512,0.545668,,
ENSG00000104044,0.518512,0.516661,,
ENSG00000159248,0.64165,0.565856,,
ENSG00000103932,0.658991,0.638791,,
ENSG00000140326,0.657713,0.650845,,
ENSG00000240430,0.511804,0.565376,,
ENSG00000185607,0.592316,0.510856,,
ENSG00000259659,0.555349,0.577957,,
ENSG00000140263,0.542331,0.520143,,
ENSG00000252376,0.722094,0.694015,,
ENSG00000242737,0.6282,0.590532,,
ENSG00000207484,0.520571,0.537674,,
ENSG00000202323,0.716127,0.699583,,
ENSG00000259935,0.746895,0.613369,,
ENSG00000069943,0.532632,0.583095,,
ENSG00000261072,0.683211,0.561776,,
ENSG00000140455,0.538427,0.635142,,
ENSG00000169118,0.598426,0.622553,,
ENSG00000166192,0.525108,0.538944,,
ENSG00000103855,0.54242,0.603043,,
ENSG00000167178,0.582121,0.601984,,
ENSG00000179335,0.6075,0.569124,,
ENSG00000173548,0.56836,0.554992,,
ENSG00000136425,0.581184,0.535594,,
ENSG00000259562,0.687866,0.677016,,
ENSG00000235711,0.783117,0.739023,,
ENSG00000169330,0.515601,0.560045,,
ENSG00000259404,0.733912,0.816202,,
ENSG00000225151,0.574492,0.526871,,
ENSG00000176700,0.671624,0.6277,,
ENSG00000140543,0.615313,0.580907,,
ENSG00000221630,1.02111,0.579069,,
ENSG00000207703,0.888823,0.957281,,
ENSG00000239151,0.631767,0.742712,,
ENSG00000183208,0.582356,0.501345,,
ENSG00000198901,0.61251,0.510445,,
ENSG00000259706,0.658766,0.63285,,
ENSG00000212306,0.534305,0.620923,,
ENSG00000259583,0.576587,0.539235,,
ENSG00000154237,0.77821,0.746422,,
ENSG00000188242,0.542629,0.528628,,
ENSG00000215196,0.744578,0.684324,,
ENSG00000249937,0.652519,0.57588,,
ENSG00000248624,0.660221,0.519931,,
ENSG00000251887,0.852501,0.812915,,
ENSG00000214108,0.697041,0.567276,,
ENSG00000249774,0.823404,0.542733,,
ENSG00000152582,0.589909,0.517859,,
ENSG00000249850,0.641829,0.669351,,
ENSG00000242493,0.662271,0.749802,,
ENSG00000238508,1.04585,0.896043,,
ENSG00000222960,0.796612,0.895932,,
ENSG00000207627,1.22078,0.941142,,
ENSG00000164512,0.560613,0.50466,,
ENSG00000242765,0.734339,0.630015,,
ENSG00000214244,0.916818,0.657893,,
ENSG00000207352,0.669265,0.605468,,
ENSG00000248803,0.845365,0.643648,,
ENSG00000198237,0.716754,0.515325,,
ENSG00000172062,0.561517,0.545581,,
ENSG00000250615,0.715027,0.593883,,
ENSG00000152380,0.622605,0.642216,,
ENSG00000131730,0.512434,0.561416,,
ENSG00000248794,0.619397,0.545245,,
ENSG00000250320,0.502338,0.561702,,
ENSG00000249776,0.651464,0.695202,,
ENSG00000251293,0.686825,0.813181,,
ENSG00000184838,0.52665,0.519098,,
ENSG00000252295,1.26643,0.765309,,
ENSG00000113368,0.565896,0.510898,,
ENSG00000248610,0.636422,0.561626,,
ENSG00000222266,0.888823,0.500862,,
ENSG00000199880,0.590664,0.650247,,
ENSG00000177839,0.641018,0.510136,,
ENSG00000197479,0.682386,0.513288,,
ENSG00000187372,0.683528,0.603437,,
ENSG00000261934,0.602021,0.588034,,
ENSG00000231185,0.649874,0.669046,,
ENSG00000208035,0.716127,0.691223,,
ENSG00000207700,1.29378,0.970102,,
ENSG00000155846,0.725523,0.6164,,
ENSG00000214485,0.500421,0.64754,,
ENSG00000135074,0.625149,0.725491,,
ENSG00000164611,0.724667,0.514009,,
ENSG00000241956,0.551373,0.517587,,
ENSG00000229119,0.547864,0.83146,,
ENSG00000184347,0.577211,0.626129,,
ENSG00000204764,0.579354,0.573892,,
ENSG00000254328,0.507062,0.681155,,
ENSG00000170085,0.731273,0.70381,,
ENSG00000048162,0.634544,0.619312,,
ENSG00000169220,0.627651,0.776074,,
ENSG00000170074,1.08128,0.800326,,
ENSG00000248367,0.832,0.763071,,
ENSG00000070404,0.567182,0.512688,,
ENSG00000129951,0.511036,0.674936,,
ENSG00000099625,0.722759,0.640039,,
ENSG00000115255,0.601191,0.545044,,
ENSG00000181588,0.57266,0.598694,,
ENSG00000172081,0.566537,0.726445,,
ENSG00000175691,0.601043,0.567541,,
ENSG00000171970,0.506048,0.525393,,
ENSG00000065717,1.00357,0.708376,,
ENSG00000105298,0.638148,0.673674,,
ENSG00000105278,0.640896,0.641172,,
ENSG00000206775,0.718264,0.555252,,
ENSG00000207630,0.888823,1.20501,,
ENSG00000104880,0.526832,0.50668,,
ENSG00000076826,0.757202,0.775745,,
ENSG00000260001,0.584951,0.551752,,
ENSG00000197256,0.546715,0.920834,,
ENSG00000238349,0.511804,0.519784,,
ENSG00000161914,0.591061,0.506972,,
ENSG00000197647,0.624938,0.613046,,
ENSG00000132004,0.61892,0.638408,,
ENSG00000252177,0.927337,0.664395,,
ENSG00000074181,0.554416,0.631584,,
ENSG00000105655,0.723544,0.694289,,
ENSG00000184162,0.572875,0.647928,,
ENSG00000250067,0.603014,0.605989,,
ENSG00000160229,0.633746,0.606074,,
ENSG00000213965,0.525396,0.571583,,
ENSG00000126243,0.550209,0.631655,,
ENSG00000205041,0.52296,0.574615,,
ENSG00000142039,0.65516,0.628693,,
ENSG00000167383,0.535564,0.596968,,
ENSG00000125753,0.514441,0.607977,,
ENSG00000125741,0.507541,0.524933,,
ENSG00000257704,0.573961,0.63926,,
ENSG00000126464,0.682418,0.616305,,
ENSG00000104973,0.611413,0.590855,,
ENSG00000142528,0.572282,0.569026,,
ENSG00000142549,0.714176,0.695249,,
ENSG00000182310,0.555086,0.619216,,
ENSG00000160336,0.541414,0.61636,,
ENSG00000088038,0.526081,0.51558,,
ENSG00000160439,0.624601,0.595405,,
ENSG00000018869,0.571155,0.568421,,
ENSG00000127903,0.547367,0.537615,,
ENSG00000152433,0.734339,0.632643,,
ENSG00000204519,0.556775,0.598814,,
ENSG00000204514,0.715902,0.654312,,
ENSG00000249471,0.55166,0.554331,,
ENSG00000083838,0.589091,0.600771,,
ENSG00000119574,0.633072,0.564815,,
ENSG00000181404,0.512582,0.506131,,
ENSG00000236404,0.535516,0.514322,,
ENSG00000230001,0.632169,0.550687,,
ENSG00000224972,0.53269,0.56658,,
ENSG00000238348,0.685565,0.616511,,
ENSG00000224955,0.702059,0.646254,,
ENSG00000260947,0.544647,0.544493,,
ENSG00000251748,1.00998,0.852871,,
ENSG00000227383,0.502551,0.683255,,
ENSG00000137070,0.662615,0.54159,,
ENSG00000165282,0.563398,0.579041,,
ENSG00000235619,0.55291,0.553186,,
ENSG00000206784,0.747015,0.546139,,
ENSG00000175768,0.614039,0.506396,,
ENSG00000106714,0.549142,0.515569,,
ENSG00000196409,0.500934,0.523417,,
ENSG00000224193,0.627668,0.709259,,
ENSG00000165060,0.535217,0.586287,,
ENSG00000239183,0.596725,0.554424,,
ENSG00000226721,0.580948,0.592211,,
ENSG00000227603,0.590079,0.630584,,
ENSG00000227666,0.811175,0.700889,,
ENSG00000199133,0.752961,0.510386,,
ENSG00000175787,0.570025,0.589193,,
ENSG00000232063,0.589019,0.512544,,
ENSG00000230815,0.662212,0.628192,,
ENSG00000175611,0.662081,0.590523,,
ENSG00000199202,0.854514,0.508619,,
ENSG00000233820,0.787751,0.58951,,
ENSG00000203279,0.513295,0.507923,,
ENSG00000106789,0.616654,0.517063,,
ENSG00000170681,0.570725,0.502207,,
ENSG00000229419,0.616333,0.624549,,
ENSG00000259953,0.636678,0.571967,,
ENSG00000177736,0.717215,0.614913,,
ENSG00000230396,0.702155,0.638536,,
ENSG00000106992,0.607587,0.549317,,
ENSG00000175287,0.620667,0.553442,,
ENSG00000240853,0.734664,0.519903,,
ENSG00000127191,0.60534,0.537847,,
ENSG00000235117,0.665859,0.532144,,
ENSG00000188566,0.515598,0.521734,,
ENSG00000181090,0.608154,0.572265,,
ENSG00000234769,0.564116,0.619577,,
ENSG00000103148,0.532208,0.589641,,
ENSG00000103126,0.586547,0.538834,,
ENSG00000127580,0.56279,0.505817,,
ENSG00000059145,0.542682,0.52933,,
ENSG00000100726,0.64019,0.613755,,
ENSG00000187535,0.756353,0.679397,,
ENSG00000197774,0.722348,0.700231,,
ENSG00000167962,0.609172,0.520153,,
ENSG00000215154,0.714433,0.644944,,
ENSG00000122386,0.524691,0.570009,,
ENSG00000239283,0.57208,0.582266,,
ENSG00000188827,0.646224,0.60641,,
ENSG00000260835,1.0196,0.749344,,
ENSG00000259963,1.17972,1.09899,,
ENSG00000252405,0.61569,0.74996,,
ENSG00000067365,0.530969,0.517992,,
ENSG00000238728,1.07455,0.759976,,
ENSG00000260872,0.716601,0.579005,,
ENSG00000250251,0.772266,0.702335,,
ENSG00000103222,0.632071,0.602703,,
ENSG00000214967,0.578846,0.564716,,
ENSG00000261596,0.636017,0.615531,,
ENSG00000207248,0.967271,0.542158,,
ENSG00000175267,0.639462,0.582596,,
ENSG00000257122,0.693722,0.626187,,
ENSG00000262155,0.540247,0.56829,,
ENSG00000188322,0.693849,0.772368,,
ENSG00000176476,0.543108,0.514247,,
ENSG00000169955,0.507027,0.527389,,
ENSG00000156853,0.520172,0.561674,,
ENSG00000156858,0.557941,0.587898,,
ENSG00000156873,0.549109,0.520135,,
ENSG00000222767,0.620956,0.700836,,
ENSG00000238544,0.576614,0.647043,,
ENSG00000261291,0.6941,0.610326,,
ENSG00000261056,0.713788,0.704233,,
ENSG00000261389,0.537271,0.514761,,
ENSG00000260936,0.566082,0.588036,,
ENSG00000124074,0.662223,0.561486,,
ENSG00000141084,0.675203,0.683974,,
ENSG00000167264,0.502628,0.557631,,
ENSG00000182810,0.584417,0.541683,,
ENSG00000259797,0.745501,0.731392,,
ENSG00000200164,0.814681,0.825155,,
ENSG00000213380,0.585571,0.531209,,
ENSG00000157349,0.554695,0.533578,,
ENSG00000180917,0.556455,0.630701,,
ENSG00000251868,0.511804,0.518541,,
ENSG00000207525,0.669265,0.623569,,
ENSG00000186187,0.636146,0.65739,,
ENSG00000140950,0.667076,0.61502,,
ENSG00000103187,0.571733,0.579934,,
ENSG00000204991,0.733015,0.651369,,
ENSG00000223959,0.508546,0.509959,,
ENSG00000260528,0.570138,0.669003,,
ENSG00000228009,0.651677,0.528463,,
ENSG00000232795,0.778273,0.639061,,
ENSG00000234835,0.652153,0.606109,,
ENSG00000221100,0.598304,0.53285,,
ENSG00000238408,0.738095,0.598867,,
ENSG00000237585,0.576077,0.518535,,
ENSG00000170919,0.743721,0.688377,,
ENSG00000236577,0.861292,0.742515,,
ENSG00000186047,0.551787,0.612286,,
ENSG00000123191,0.654976,0.620876,,
ENSG00000220981,0.698814,0.585936,,
ENSG00000221473,0.574792,0.878092,,
ENSG00000125285,0.535018,0.565963,,
ENSG00000247400,0.646382,0.55024,,
ENSG00000203341,0.507918,0.522027,,
ENSG00000134871,0.618085,0.775502,,
ENSG00000134905,0.573905,0.561001,,
ENSG00000153531,0.67356,0.527583,,
ENSG00000101871,0.557248,0.62071,,
ENSG00000169239,0.514309,0.550026,,
ENSG00000044446,0.576892,0.533403,,
ENSG00000004848,0.573967,0.61073,,
ENSG00000238606,1.16111,0.734831,,
ENSG00000183690,0.515811,0.515227,,
ENSG00000231566,0.556911,0.521825,,
ENSG00000147119,0.543639,0.57775,,
ENSG00000102302,0.688498,0.717788,,
ENSG00000222596,1.24238,0.92465,,
ENSG00000230986,0.757483,0.552605,,
ENSG00000199168,0.670327,0.516749,,
ENSG00000189108,0.517663,0.53191,,
ENSG00000182890,0.699763,0.601666,,
ENSG00000232599,0.725872,0.847062,,
ENSG00000212747,0.503879,0.522205,,
ENSG00000202279,0.685565,1.03318,,
ENSG00000230707,0.501774,0.516915,,
ENSG00000235703,0.587274,0.59699,,
ENSG00000225110,0.555114,0.653874,,
ENSG00000102032,0.596412,0.548622,,
ENSG00000130827,0.553449,0.647157,,
ENSG00000197932,0.526672,0.560947,,
ENSG00000155962,0.574157,0.544289,,
ENSG00000182484,0.586747,0.594733,,
ENSG00000002822,0.603081,0.537265,,
ENSG00000136213,0.706393,0.588546,,
ENSG00000106003,0.500001,0.550314,,
ENSG00000106009,0.588947,0.587166,,
ENSG00000155034,0.659588,0.637641,,
ENSG00000238534,0.786447,0.876748,,
ENSG00000235920,0.512685,0.558438,,
ENSG00000171243,0.57103,0.561088,,
ENSG00000223030,0.520571,0.631945,,
ENSG00000225264,0.5084,0.533671,,
ENSG00000244480,0.660673,0.584951,,
ENSG00000207573,0.610514,0.531257,,
ENSG00000211688,0.511804,0.56867,,
ENSG00000106536,0.596205,0.508754,,
ENSG00000181211,1.14925,0.84308,,
ENSG00000146674,0.555955,0.520098,,
ENSG00000178665,0.509352,0.600444,,
ENSG00000164776,0.543639,0.58425,,
ENSG00000226002,0.775803,0.524711,,
ENSG00000232270,0.778989,0.540766,,
ENSG00000230189,0.574014,0.622168,,
ENSG00000235475,0.917042,0.735173,,
ENSG00000174353,0.705789,0.691642,,
ENSG00000009950,0.609118,0.520698,,
ENSG00000176428,0.656411,0.67486,,
ENSG00000071462,0.514839,0.578844,,
ENSG00000006704,0.596904,0.517611,,
ENSG00000123965,0.756197,0.7878,,
ENSG00000135213,0.619171,0.647515,,
ENSG00000205485,0.667912,0.633025,,
ENSG00000146707,0.57353,0.606911,,
ENSG00000225726,0.505598,0.557411,,
ENSG00000135185,0.663192,0.56174,,
ENSG00000235436,0.736839,0.558258,,
ENSG00000237818,1.09061,0.971181,,
ENSG00000238228,0.668207,0.656464,,
ENSG00000198556,0.595527,0.617217,,
ENSG00000221838,0.589774,0.559971,,
ENSG00000242294,0.580864,0.620202,,
ENSG00000160813,0.607645,0.637839,,
ENSG00000146776,0.589904,0.559477,,
ENSG00000199646,1.0802,0.942198,,
ENSG00000105939,0.500511,0.626505,,
ENSG00000211767,1.14839,0.768939,,
ENSG00000223459,0.677551,0.572947,,
ENSG00000226857,0.692125,0.515557,,
ENSG00000232391,0.862506,0.757754,,
ENSG00000204947,0.529574,0.520974,,
ENSG00000181220,0.697472,0.622074,,
ENSG00000133619,0.608912,0.593941,,
ENSG00000196456,0.584152,0.559054,,
ENSG00000164897,0.650022,0.635576,,
ENSG00000216895,0.531384,0.511238,,
ENSG00000244291,0.513308,0.535778,,
ENSG00000228327,0.661753,0.757098,,
ENSG00000242937,0.645661,0.592871,,
ENSG00000162572,0.602847,0.546433,,
ENSG00000160072,0.655939,0.623599,,
ENSG00000197921,0.548933,0.725344,,
ENSG00000169598,0.575505,0.53858,,
ENSG00000158292,0.575605,0.65704,,
ENSG00000041988,0.588857,0.615707,,
ENSG00000224315,0.772943,0.67883,,
ENSG00000171608,0.670968,0.596454,,
ENSG00000201746,0.779347,0.62703,,
ENSG00000238547,0.563226,0.500231,,
ENSG00000120942,0.586676,0.544534,,
ENSG00000116663,0.592536,0.581037,,
ENSG00000239149,0.789435,0.585925,,
ENSG00000132906,0.604518,0.567921,,
ENSG00000132881,0.635261,0.765315,,
ENSG00000204377,0.668207,0.678637,,
ENSG00000238142,1.10889,0.978416,,
ENSG00000142794,0.509779,0.560891,,
ENSG00000230068,0.554867,0.59661,,
ENSG00000249087,0.603749,0.593131,,
ENSG00000117305,0.522243,0.56348,,
ENSG00000158006,0.521323,0.503654,,
ENSG00000142684,0.630982,0.513761,,
ENSG00000090020,0.615103,0.605824,,
ENSG00000130766,0.692974,0.610689,,
ENSG00000242125,0.640003,0.631762,,
ENSG00000121775,0.528622,0.631723,,
ENSG00000160050,0.566118,0.513156,,
ENSG00000162522,0.610556,0.667725,,
ENSG00000121904,0.633907,0.731277,,
ENSG00000214193,0.783632,0.668279,,
ENSG00000183317,0.784083,0.690652,,
ENSG00000127124,0.523149,0.63338,,
ENSG00000186409,0.686119,0.629896,,
ENSG00000164011,0.559118,0.590938,,
ENSG00000199377,0.662055,0.623605,,
ENSG00000225447,0.969882,0.762052,,
ENSG00000117481,0.61166,0.595514,,
ENSG00000243685,1.16935,0.731443,,
ENSG00000198841,0.670202,0.55507,,
ENSG00000121310,0.627757,0.646248,,
ENSG00000231866,0.612856,0.552679,,
ENSG00000225675,0.770082,0.720926,,
ENSG00000236888,0.733273,0.634366,,
ENSG00000226891,0.565954,0.510345,,
ENSG00000231485,0.525637,0.54312,,
ENSG00000221203,0.543876,0.683182,,
ENSG00000097096,0.58911,0.552651,,
ENSG00000069702,0.566804,0.768567,,
ENSG00000207523,0.873777,0.600859,,
ENSG00000137936,0.634538,0.585481,,
ENSG00000211575,0.969471,0.627771,,
ENSG00000085491,0.543821,0.57112,,
ENSG00000162650,0.58314,0.515466,,
ENSG00000143093,0.693821,0.547031,,
ENSG00000116396,0.658029,0.61905,,
ENSG00000085465,0.668769,0.548538,,
ENSG00000239873,0.664006,0.562429,,
ENSG00000227082,0.652709,0.593059,,
ENSG00000163386,0.561597,0.555362,,
ENSG00000233396,0.554996,0.518251,,
ENSG00000198483,0.579122,0.521445,,
ENSG00000243452,0.593325,0.569797,,
ENSG00000226067,0.622165,0.585485,,
ENSG00000159208,0.69806,0.619341,,
ENSG00000143369,0.613301,0.563068,,
ENSG00000143367,0.615565,0.555645,,
ENSG00000163220,0.845632,0.789175,,
ENSG00000223599,0.56702,0.540494,,
ENSG00000163462,0.653474,0.670151,,
ENSG00000169231,0.677222,0.598542,,
ENSG00000231064,0.551769,0.592727,,
ENSG00000173171,0.55876,0.54173,,
ENSG00000160767,0.669847,0.528789,,
ENSG00000235919,0.564639,0.547605,,
ENSG00000160783,0.556683,0.607356,,
ENSG00000198715,0.556024,0.568739,,
ENSG00000222552,0.666625,0.542245,,
ENSG00000188859,0.665573,0.594176,,
ENSG00000215952,0.685565,0.76204,,
ENSG00000235471,0.727186,0.589279,,
ENSG00000234604,1.3001,0.963385,,
ENSG00000252354,0.749605,0.701995,,
ENSG00000206684,0.563226,0.502075,,
ENSG00000231615,0.606659,0.529766,,
ENSG00000236535,0.784415,0.779439,,
ENSG00000203737,0.61569,0.740756,,
ENSG00000237249,0.661887,0.774598,,
ENSG00000135828,0.501361,0.595306,,
ENSG00000261185,0.791315,0.875807,,
ENSG00000135824,0.716421,0.744958,,
ENSG00000230470,0.852284,0.698165,,
ENSG00000235449,0.61569,0.683385,,
ENSG00000224900,0.827202,0.802155,,
ENSG00000216137,0.685565,0.59942,,
ENSG00000196660,0.568187,0.633667,,
ENSG00000233012,0.691797,0.793001,,
ENSG00000221571,0.783876,0.509937,,
ENSG00000228106,0.555864,0.558045,,
ENSG00000233384,0.670593,0.556542,,
ENSG00000236636,0.685024,0.60445,,
ENSG00000154370,0.646933,0.588326,,
ENSG00000231563,0.537458,0.566411,,
ENSG00000199672,0.744957,0.630975,,
ENSG00000231272,0.714252,0.605179,,
ENSG00000223694,0.636259,0.592507,,
ENSG00000180287,0.694754,0.652356,,
ENSG00000214837,0.636726,0.648489,,
ENSG00000162849,0.510698,0.524483,,
ENSG00000230184,0.791895,0.619497,,
ENSG00000207326,1.03274,0.541474,,
ENSG00000196071,1.33703,0.652553,,
ENSG00000235445,0.905272,0.714907,,
ENSG00000100056,0.664044,0.53195,,
ENSG00000185252,0.607562,0.586941,,
ENSG00000242876,0.513348,0.541503,,
ENSG00000239266,0.57208,0.549269,,
ENSG00000183773,0.622531,0.568234,,
ENSG00000161179,0.556787,0.571716,,
ENSG00000133519,0.507977,0.518744,,
ENSG00000187792,0.704177,0.613095,,
ENSG00000133460,0.533593,0.535896,,
ENSG00000224003,0.893706,0.724843,,
ENSG00000235954,0.518242,0.506733,,
ENSG00000235786,0.750472,0.553987,,
ENSG00000183762,0.590785,0.683072,,
ENSG00000239127,0.696889,0.514353,,
ENSG00000100319,0.51505,0.53502,,
ENSG00000185133,0.538189,0.53126,,
ENSG00000224050,1.08809,0.877453,,
ENSG00000237406,0.788982,0.726647,,
ENSG00000234688,0.544163,0.502302,,
ENSG00000244627,0.523949,0.588845,,
ENSG00000233899,0.568279,0.636045,,
ENSG00000100311,0.611286,0.70467,,
ENSG00000172346,0.642685,0.749222,,
ENSG00000100147,0.578024,0.55215,,
ENSG00000198951,0.616892,0.730657,,
ENSG00000186976,0.637878,0.61826,,
ENSG00000100376,0.574472,0.714264,,
ENSG00000230345,0.921773,0.52133,,
ENSG00000184164,0.521366,0.550057,,
ENSG00000238604,0.590664,1.06269,,
ENSG00000111181,0.639219,0.789441,,
ENSG00000120647,0.507745,0.514437,,
ENSG00000256721,0.809892,0.704668,,
ENSG00000110811,0.86422,0.693342,,
ENSG00000256667,0.634475,0.544961,,
ENSG00000256682,0.668044,0.531826,,
ENSG00000212126,0.55426,0.543949,,
ENSG00000255790,0.676621,0.596117,,
ENSG00000205791,0.594021,0.576778,,
ENSG00000111404,0.657463,0.753192,,
ENSG00000253284,0.821937,0.808535,,
ENSG00000256287,0.598142,0.657553,,
ENSG00000121361,0.618109,0.531244,,
ENSG00000201228,1.32362,0.771443,,
ENSG00000225349,0.549307,0.552661,,
ENSG00000223082,1.11839,0.795027,,
ENSG00000199571,0.652614,0.55822,,
ENSG00000248865,0.68306,0.577603,,
ENSG00000229014,0.69186,0.833932,,
ENSG00000257954,0.622645,0.613421,,
ENSG00000243739,0.677859,0.54678,,
ENSG00000257246,0.822183,0.663332,,
ENSG00000257509,0.614742,0.625856,,
ENSG00000065357,0.64519,0.560606,,
ENSG00000076067,0.61444,0.689445,,
ENSG00000166881,0.600509,0.626804,,
ENSG00000139266,0.578551,0.605534,,
ENSG00000213363,0.849915,0.852167,,
ENSG00000255642,0.544746,0.503797,,
ENSG00000256248,1.07652,1.04,,
ENSG00000257818,0.524018,0.50099,,
ENSG00000236333,0.599331,0.530545,,
ENSG00000201942,0.799567,0.650664,,
ENSG00000258375,0.630851,0.657403,,
ENSG00000257875,0.602414,0.584283,,
ENSG00000169372,0.507087,0.525171,,
ENSG00000188596,0.637385,0.577608,,
ENSG00000221479,0.888823,0.597107,,
ENSG00000222255,0.576614,0.52449,,
ENSG00000017427,0.552412,0.658903,,
ENSG00000198855,0.601171,0.558573,,
ENSG00000201324,0.638921,0.612142,,
ENSG00000204852,0.632204,0.63624,,
ENSG00000258359,0.61667,0.569631,,
ENSG00000111271,0.562686,0.565014,,
ENSG00000135116,0.512575,0.550704,,
ENSG00000174989,0.527709,0.522658,,
ENSG00000256031,1.04748,0.792152,,
ENSG00000239062,0.600423,0.666697,,
ENSG00000122971,0.552237,0.590958,,
ENSG00000256742,0.644873,0.614023,,
ENSG00000175727,0.516496,0.549237,,
ENSG00000139719,0.571449,0.521299,,
ENSG00000256304,0.584817,0.682207,,
ENSG00000150967,0.590366,0.514067,,
ENSG00000130921,0.525715,0.562604,,
ENSG00000185344,0.59327,0.587522,,
ENSG00000252788,0.654579,0.549207,,
ENSG00000255595,0.579273,0.59848,,
ENSG00000256085,0.942582,0.706229,,
ENSG00000256064,0.815014,0.513842,,
ENSG00000177192,0.546446,0.512544,,
ENSG00000072609,0.575281,0.605409,,
ENSG00000167705,0.607545,0.519697,,
ENSG00000167716,0.585417,0.540757,,
ENSG00000261963,0.590131,0.54212,,
ENSG00000263316,0.814296,0.882586,,
ENSG00000262089,0.605426,0.663022,,
ENSG00000179859,0.701658,0.600745,,
ENSG00000179029,0.616482,0.621082,,
ENSG00000198150,0.570643,0.507749,,
ENSG00000188803,0.524185,0.571749,,
ENSG00000254652,0.591358,0.674629,,
ENSG00000223385,0.682193,0.716287,,
ENSG00000175106,0.723309,0.671275,,
ENSG00000179277,0.601616,0.673526,,
ENSG00000206859,0.638921,0.544362,,
ENSG00000179598,0.676431,0.589335,,
ENSG00000174977,0.515635,0.521549,,
ENSG00000225014,0.873388,0.650671,,
ENSG00000154898,0.645522,0.557142,,
ENSG00000076382,0.813684,0.678622,,
ENSG00000109113,0.598724,0.727436,,
ENSG00000173065,0.643514,0.667375,,
ENSG00000167536,0.53759,0.555329,,
ENSG00000179761,0.603864,0.511266,,
ENSG00000240531,0.504375,0.561378,,
ENSG00000226049,0.854747,0.578487,,
ENSG00000252328,0.833612,0.520875,,
ENSG00000129270,0.503034,0.585897,,
ENSG00000129282,0.547062,0.54134,,
ENSG00000056661,0.607197,0.552155,,
ENSG00000073605,0.787004,0.633928,,
ENSG00000131759,0.525958,0.504892,,
ENSG00000236194,0.574513,0.506267,,
ENSG00000214578,0.600423,0.89899,,
ENSG00000131477,0.554742,0.851143,,
ENSG00000238723,0.808565,0.951686,,
ENSG00000262265,0.853648,0.802332,,
ENSG00000005243,0.566205,0.66977,,
ENSG00000251964,1.16111,0.71758,,
ENSG00000005884,0.69791,0.658301,,
ENSG00000167100,0.825406,0.656209,,
ENSG00000015532,0.653296,0.592286,,
ENSG00000241462,0.848414,0.785406,,
ENSG00000207235,0.89551,0.869549,,
ENSG00000242398,0.594112,0.65321,,
ENSG00000176809,0.510119,0.58439,,
ENSG00000244044,0.610514,0.643698,,
ENSG00000141337,0.585701,0.543413,,
ENSG00000227036,0.512337,0.547735,,
ENSG00000172782,0.694395,0.612085,,
ENSG00000125449,0.646014,0.531689,,
ENSG00000125454,0.55373,0.536493,,
ENSG00000182173,0.652503,0.564263,,
ENSG00000129646,0.706709,0.59542,,
ENSG00000212418,0.61569,0.567071,,
ENSG00000238658,1.0802,0.812496,,
ENSG00000173818,0.602013,0.60637,,
ENSG00000185504,0.601837,0.596931,,
ENSG00000225663,0.544714,0.540394,,
ENSG00000235296,0.736004,0.533281,,
ENSG00000181396,0.634994,0.623277,,
ENSG00000169660,0.720758,0.565302,,
ENSG00000137274,0.633271,0.593007,,
ENSG00000168994,0.568632,0.637255,,
ENSG00000224707,0.533189,0.596152,,
ENSG00000168405,0.64972,0.561271,,
ENSG00000197409,0.678609,0.709226,,
ENSG00000196966,0.546816,0.567036,,
ENSG00000203813,0.588955,0.565264,,
ENSG00000196374,0.635776,0.566047,,
ENSG00000137185,0.566013,0.510403,,
ENSG00000189298,0.536327,0.529351,,
ENSG00000187987,0.570569,0.579055,,
ENSG00000232040,0.642967,0.511456,,
ENSG00000204599,0.528068,0.504344,,
ENSG00000201988,0.821519,0.651324,,
ENSG00000228962,0.799063,0.748072,,
ENSG00000198502,0.552267,0.719955,,
ENSG00000204228,0.507751,0.519562,,
ENSG00000065029,0.641081,0.661447,,
ENSG00000200597,0.585904,0.634776,,
ENSG00000226454,0.755149,0.530941,,
ENSG00000124496,0.779018,0.715914,,
ENSG00000112619,0.894613,0.773694,,
ENSG00000124574,0.644002,0.624881,,
ENSG00000252871,0.971999,0.544657,,
ENSG00000230554,0.68169,0.536789,,
ENSG00000146070,0.667975,0.523575,,
ENSG00000252106,0.685565,0.687601,,
ENSG00000252253,0.869365,0.75804,,
ENSG00000262803,0.707064,0.525963,,
ENSG00000199094,0.670327,0.708074,,
ENSG00000239132,0.65883,0.589059,,
ENSG00000217512,0.669607,0.596365,,
ENSG00000146242,0.618591,0.537565,,
ENSG00000118420,0.750153,0.647389,,
ENSG00000223998,0.514693,0.571948,,
ENSG00000214457,0.796612,0.541483,,
ENSG00000112214,0.598926,0.554893,,
ENSG00000226684,0.549414,0.589791,,
ENSG00000135537,0.575207,0.55466,,
ENSG00000199944,0.567618,0.55816,,
ENSG00000255389,0.611336,0.703782,,
ENSG00000112769,0.591232,0.756795,,
ENSG00000111817,0.569358,0.698222,,
ENSG00000164465,0.715571,0.501173,,
ENSG00000231842,0.70324,0.622751,,
ENSG00000221503,0.880608,0.722353,,
ENSG00000182404,0.650924,0.512135,,
ENSG00000201012,0.716127,0.537442,,
ENSG00000216613,0.527348,0.507747,,
ENSG00000112378,0.617435,0.629176,,
ENSG00000225177,0.504724,0.59123,,
ENSG00000224460,0.80033,0.52839,,
ENSG00000189007,0.511169,0.507509,,
ENSG00000241847,0.535352,0.554479,,
ENSG00000203727,0.526726,0.517878,,
ENSG00000177688,0.619354,0.649688,,
ENSG00000252658,0.813143,0.76969,,
ENSG00000214239,1.4888,0.778109,,
ENSG00000231863,0.659621,0.577558,,
ENSG00000223942,1.23403,0.732386,,
ENSG00000256956,0.877743,0.52163,,
ENSG00000232082,0.79532,0.54629,,
ENSG00000026297,0.638776,0.660396,,
ENSG00000197146,0.664998,0.546594,,
ENSG00000224318,0.777148,0.601564,,
ENSG00000230398,0.647633,0.53067,,
ENSG00000226642,0.683692,0.659317,,
ENSG00000206561,0.697923,0.624371,,
ENSG00000207251,0.726942,0.633074,,
ENSG00000206559,0.612402,0.55644,,
ENSG00000144642,0.629566,0.700743,,
ENSG00000144645,0.676974,0.556502,,
ENSG00000206645,1.06036,0.855543,,
ENSG00000230409,0.530024,0.581683,,
ENSG00000222872,0.744957,0.608667,,
ENSG00000241939,0.56042,0.557383,,
ENSG00000178917,0.513333,0.51135,,
ENSG00000186446,0.543413,0.501441,,
ENSG00000160801,0.503023,0.551183,,
ENSG00000227398,0.598334,0.517553,,
ENSG00000241470,0.905738,0.738059,,
ENSG00000178149,0.726321,0.73682,,
ENSG00000188315,0.521352,0.552796,,
ENSG00000145020,0.55819,0.504441,,
ENSG00000243477,0.627552,0.611976,,
ENSG00000114779,0.508939,0.508952,,
ENSG00000010319,0.55492,0.685337,,
ENSG00000212493,0.701526,0.672864,,
ENSG00000144730,0.523634,0.547439,,
ENSG00000202071,1.27467,0.820032,,
ENSG00000214552,1.04229,1.11396,,
ENSG00000144736,0.653542,0.582958,,
ENSG00000238959,0.718264,0.539862,,
ENSG00000255423,0.50692,0.533074,,
ENSG00000239119,0.856874,1.04347,,
ENSG00000240964,0.741089,0.726669,,
ENSG00000206712,0.967271,0.818991,,
ENSG00000239747,1.13719,0.774656,,
ENSG00000144824,0.547522,0.773708,,
ENSG00000206530,0.67068,0.669749,,
ENSG00000241156,0.855411,0.760624,,
ENSG00000173200,0.533007,0.581157,,
ENSG00000082684,0.564624,0.57051,,
ENSG00000082781,0.601578,0.615411,,
ENSG00000243508,0.664752,0.591785,,
ENSG00000241278,0.631295,0.5863,,
ENSG00000197763,0.685422,0.591039,,
ENSG00000132394,0.638524,0.567244,,
ENSG00000242337,0.595222,0.505517,,
ENSG00000252641,0.749605,0.536571,,
ENSG00000240695,0.924732,0.789218,,
ENSG00000248773,0.684176,0.57274,,
ENSG00000202125,0.600423,0.522857,,
ENSG00000239570,0.602556,0.712058,,
ENSG00000214216,0.762448,0.741725,,
ENSG00000206120,0.584671,0.669421,,
ENSG00000163584,0.532769,0.562204,,
ENSG00000075420,0.557751,0.592941,,
ENSG00000237645,0.726942,0.704569,,
ENSG00000244346,0.556339,0.610142,,
ENSG00000202502,0.52281,0.878915,,
ENSG00000145194,0.720128,0.599179,,
ENSG00000182580,0.648489,0.529277,,
ENSG00000240958,0.871956,0.578698,,
ENSG00000163918,0.68793,0.62262,,
ENSG00000163923,0.519911,0.64157,,
ENSG00000207368,0.620198,0.705786,,
ENSG00000119227,0.743035,0.72671,,
ENSG00000197701,0.583452,0.509618,,
ENSG00000252616,1.21927,0.548897,,
ENSG00000207642,0.91621,0.700078,,
ENSG00000185049,0.653115,0.598505,,
ENSG00000239247,0.708342,0.51486,,
ENSG00000168826,0.604921,0.584993,,
ENSG00000247708,0.644038,0.632762,,
ENSG00000249896,0.630762,0.597694,,
ENSG00000251615,0.551707,0.533621,,
ENSG00000155275,0.683869,0.628412,,
ENSG00000248228,0.539497,0.635367,,
ENSG00000168228,0.61569,0.568301,,
ENSG00000231160,0.619287,0.597974,,
ENSG00000243260,0.701898,0.628685,,
ENSG00000078177,0.767836,0.724335,,
ENSG00000241625,0.57208,0.547754,,
ENSG00000174796,0.53537,0.546707,,
ENSG00000138744,0.744417,0.577229,,
ENSG00000138771,0.639417,0.670602,,
ENSG00000231335,0.68328,0.508499,,
ENSG00000248019,0.546727,0.556958,,
ENSG00000138821,0.628012,0.630288,,
ENSG00000230069,0.675462,0.516274,,
ENSG00000138780,0.555958,0.565604,,
ENSG00000236922,0.578949,0.502438,,
ENSG00000248280,0.610048,0.516355,,
ENSG00000138741,0.674504,0.577501,,
ENSG00000224786,0.610337,0.591487,,
ENSG00000164056,0.590399,0.560788,,
ENSG00000085871,0.640982,0.558666,,
ENSG00000251600,0.939395,0.810557,,
ENSG00000121210,0.556072,0.547087,,
ENSG00000200350,0.980633,0.586806,,
ENSG00000253001,0.625235,0.560383,,
ENSG00000248546,0.614979,0.643474,,
ENSG00000201516,1.29517,0.712058,,
ENSG00000251739,0.590664,0.642958,,
ENSG00000205129,0.616054,0.533849,,
ENSG00000207497,0.534305,0.7998,,
ENSG00000258768,0.532063,0.510587,,
ENSG00000186648,0.594185,0.592639,,
ENSG00000258704,0.745865,0.611026,,
ENSG00000100902,0.520166,0.506158,,
ENSG00000238718,1.20805,1.02787,,
ENSG00000257272,0.66084,0.526981,,
ENSG00000187790,0.560433,0.551156,,
ENSG00000131981,0.664981,0.78481,,
ENSG00000240239,0.572791,0.555709,,
ENSG00000181619,0.692456,0.600053,,
ENSG00000258445,0.598418,0.584934,,
ENSG00000023608,0.505953,0.524376,,
ENSG00000054654,0.618001,0.740699,,
ENSG00000206768,1.06036,0.722113,,
ENSG00000257759,0.538252,0.513994,,
ENSG00000119599,0.607314,0.523313,,
ENSG00000258603,0.642967,0.524687,,
ENSG00000259606,0.910024,0.626409,,
ENSG00000070778,0.605626,0.625297,,
ENSG00000247092,0.545739,0.501046,,
ENSG00000199082,0.600423,0.598637,,
ENSG00000207569,0.81189,0.760412,,
ENSG00000207608,0.69118,0.836759,,
ENSG00000238527,0.635085,0.741039,,
ENSG00000251918,0.970576,0.887846,,
ENSG00000202293,0.96073,0.714324,,
ENSG00000199109,0.91621,0.868833,,
ENSG00000207761,1.18745,0.678178,,
ENSG00000194717,0.705635,0.831093,,
ENSG00000221614,0.841769,0.553973,,
ENSG00000258861,0.783591,0.723494,,
ENSG00000216179,1.08085,0.631701,,
ENSG00000080823,0.770271,0.655835,,
ENSG00000022976,0.548679,0.570307,,
ENSG00000185215,0.502435,0.555673,,
ENSG00000184990,0.547799,0.598094,,
ENSG00000184916,0.553168,0.593351,,
ENSG00000237647,0.688041,0.523738,,
ENSG00000249188,0.579624,0.784603,,
ENSG00000207701,0.767573,0.810565,,
ENSG00000171044,0.730797,0.593982,,
ENSG00000254936,1.01829,0.833462,,
ENSG00000254556,0.758976,0.69951,,
ENSG00000255495,0.597533,0.523143,,
ENSG00000158863,0.548511,0.515228,,
ENSG00000147439,0.618848,0.592931,,
ENSG00000168081,0.53073,0.68287,,
ENSG00000202411,0.700506,0.675423,,
ENSG00000104299,0.509082,0.503566,,
ENSG00000253222,0.585261,0.558115,,
ENSG00000233170,0.653398,0.525387,,
ENSG00000253586,0.718899,0.64849,,
ENSG00000253475,0.706621,0.550628,,
ENSG00000253857,0.713565,0.750841,,
ENSG00000180828,0.53616,0.652096,,
ENSG00000221947,0.660048,0.525163,,
ENSG00000260838,0.716683,0.517839,,
ENSG00000254273,0.535483,0.537335,,
ENSG00000253137,0.636166,0.570456,,
ENSG00000207359,0.653735,0.564379,,
ENSG00000104356,0.544119,0.566947,,
ENSG00000104450,0.696108,0.580552,,
ENSG00000164930,0.734787,0.654372,,
ENSG00000238656,1.06036,0.713889,,
ENSG00000253839,0.760962,0.620012,,
ENSG00000254258,0.521329,0.605207,,
ENSG00000169427,0.647663,0.595053,,
ENSG00000014164,0.544799,0.516988,,
ENSG00000104524,0.568582,0.655038,,
ENSG00000179832,0.634374,0.565208,,
ENSG00000170616,0.928641,0.525735,,
ENSG00000173137,0.515262,0.531576,,
ENSG00000160972,0.716674,0.67267,,
ENSG00000239107,1.4015,0.694965,,
ENSG00000243740,0.758623,0.54903,,
ENSG00000142149,0.616294,0.569958,,
ENSG00000228107,0.665281,0.661,,
ENSG00000159259,0.61667,0.530272,,
ENSG00000160188,0.542055,0.619636,,
ENSG00000160193,0.730691,0.653826,,
ENSG00000186866,0.522886,0.594023,,
ENSG00000182362,0.663964,0.630014,,
ENSG00000177042,0.563786,0.570437,,
ENSG00000255284,0.778841,0.643399,,
ENSG00000201616,0.606436,0.56397,,
ENSG00000021762,0.593366,0.602083,,
ENSG00000166436,0.720062,0.529765,,
ENSG00000166444,0.553272,0.510851,,
ENSG00000255097,0.511036,0.607763,,
ENSG00000133800,0.509965,1.07432,,
ENSG00000110693,0.60091,0.662596,,
ENSG00000201586,0.61569,0.703093,,
ENSG00000240808,0.794265,0.628283,,
ENSG00000151117,0.622877,0.560015,,
ENSG00000255270,0.589706,0.514504,,
ENSG00000176697,0.562131,0.563824,,
ENSG00000254537,0.64872,0.709554,,
ENSG00000255207,0.625745,0.647253,,
ENSG00000180720,0.820324,0.676531,,
ENSG00000186907,0.687165,0.727542,,
ENSG00000110104,0.548436,0.553458,,
ENSG00000149483,0.569736,0.557487,,
ENSG00000167985,0.670155,0.612034,,
ENSG00000256443,0.527951,0.626654,,
ENSG00000204922,0.501345,0.511882,,
ENSG00000184999,0.806441,0.592169,,
ENSG00000167771,0.796761,0.607538,,
ENSG00000110011,0.605837,0.512646,,
ENSG00000068831,0.631094,0.604251,,
ENSG00000126391,0.688896,0.620707,,
ENSG00000173442,0.505041,0.641121,,
ENSG00000255468,0.598418,0.601559,,
ENSG00000174669,0.684763,0.515636,,
ENSG00000238892,0.629418,0.599173,,
ENSG00000175634,0.620247,0.585459,,
ENSG00000132740,0.621801,0.612946,,
ENSG00000162341,0.514256,0.549204,,
ENSG00000149716,0.575229,0.507438,,
ENSG00000227726,0.540794,0.56783,,
ENSG00000224119,0.590472,0.548062,,
ENSG00000214530,0.554589,0.568826,,
ENSG00000255136,0.813517,0.790652,,
ENSG00000223013,0.926606,0.533166,,
ENSG00000212030,0.666625,0.801691,,
ENSG00000178301,0.526832,0.525973,,
ENSG00000254985,0.652408,0.624713,,
ENSG00000087884,0.502237,0.55331,,
ENSG00000252494,1.6169,1.23296,,
ENSG00000211997,0.746279,0.645109,,
ENSG00000213305,0.785402,0.858741,,
ENSG00000215504,0.591341,0.598061,,
ENSG00000255929,0.68603,0.781896,,
ENSG00000223269,0.768046,0.619835,,
ENSG00000165895,0.567934,0.654137,,
ENSG00000256422,0.720281,0.701873,,
ENSG00000255403,0.712938,0.740812,,
ENSG00000200855,1.00141,0.882597,,
ENSG00000086848,0.503568,0.50539,,
ENSG00000137720,0.515062,0.559441,,
ENSG00000166682,0.521162,0.686347,,
ENSG00000160613,0.530175,0.529228,,
ENSG00000110274,0.643806,0.670521,,
ENSG00000172273,0.596296,0.549811,,
ENSG00000166250,0.573424,0.605909,,
ENSG00000149564,0.575157,0.654014,,
ENSG00000222844,0.785016,0.724875,,
ENSG00000064309,0.53519,0.60481,,
ENSG00000255358,0.723579,0.548462,,
ENSG00000080854,0.735962,0.551425,,
ENSG00000151503,0.539795,0.538411,,
ENSG00000210164,1.08896,0.588698,,
