ensembl_gene_id;log2 FC;log10 p-value
ENSG00000079101;0,329012219;-0,705004936
ENSG00000101605;0,101434327;-0,772176482
ENSG00000238445;0,798523493;-1,273958465
ENSG00000207278;-0,074947465;-0,156553437
ENSG00000250933;-0,110844235;-0,357055454
ENSG00000206432;0,276501195;-1,054102235
ENSG00000207092;-0,136111136;-0,137233167
ENSG00000238309;-0,3271679;-0,536867555
ENSG00000215527;-0,188758676;-0,624585769
ENSG00000186481;0,480930207;-1,814368521
ENSG00000212329;-0,081492538;-0,139469367
ENSG00000180777;0,153087973;-0,238063343
ENSG00000199874;0,012508309;-0,013670005
ENSG00000260372;0,445135859;-1,802171471
ENSG00000199204;0,463151654;-1,270421635
ENSG00000167306;-0,006594577;-0,011552718
ENSG00000141642;0,071148857;-0,458298295
ENSG00000081923;0,234741388;-0,65654488
ENSG00000101493;0,144141739;-0,830497746
ENSG00000263146;-0,079769344;-0,223037534
ENSG00000226762;-0,148488441;-0,153758084
ENSG00000196139;0,048042574;-0,096685036
ENSG00000235141;-0,275257918;-1,041647804
ENSG00000252118;0,351201022;-0,83235594
ENSG00000239665;0,260139185;-1,697949404
ENSG00000207930;0,138800494;-0,189513754
ENSG00000151023;-0,028553613;-0,104178337
ENSG00000206605;0,615353803;-1,80184247
ENSG00000253054;0,134823526;-0,273410726
ENSG00000226578;0,044582308;-0,108434441
ENSG00000243660;-0,058613334;-0,579042106
ENSG00000252532;0,099536691;-0,123066062
ENSG00000226561;0,328241864;-1,112895714
ENSG00000235279;-0,404199313;-1,308481728
ENSG00000150275;-0,376631072;-0,554704914
ENSG00000122870;-0,330176792;-1,231668315
ENSG00000226095;-0,175001669;-0,667893466
ENSG00000221159;0,632681075;-1,379476113
ENSG00000236375;-0,098238266;-0,384787307
ENSG00000138346;-0,028717449;-0,104138999
ENSG00000224222;0,057387904;-0,176947953
ENSG00000156521;-0,019610226;-0,217286039
ENSG00000244365;0,121146081;-0,446391806
ENSG00000156042;0,235442249;-2,728157569
ENSG00000251582;0,178704673;-0,622390983
ENSG00000206756;0,390330408;-0,715807196
ENSG00000242897;0,140490708;-0,308988386
ENSG00000207275;0,462031868;-1,13945242
ENSG00000198682;0,009163722;-0,019680761
ENSG00000107796;-1,04061459;-1,137677808
ENSG00000138193;-0,279749297;-0,892590958
ENSG00000231829;0,108771282;-0,149539593
ENSG00000236552;0,17289559;-0,261415815
ENSG00000224474;0,22875283;-0,555446932
ENSG00000075826;0,166001333;-0,829772749
ENSG00000186862;0,141672608;-0,559224367
ENSG00000203886;0,097754424;-0,419811171
ENSG00000234221;-0,275556207;-0,682374973
ENSG00000228169;0,082043422;-0,348842071
ENSG00000176769;0,160701517;-0,446113833
ENSG00000171813;0,268771298;-1,094738264
ENSG00000235245;0,149726617;-1,52781187
ENSG00000198546;0,237097433;-1,45073182
ENSG00000171772;-0,191023768;-0,341901716
ENSG00000196476;-0,110245113;-0,205305093
ENSG00000234282;0,103040892;-0,176212578
ENSG00000185019;0,108430668;-0,733349403
ENSG00000226632;0,619110303;-1,965926232
ENSG00000221201;0,505737785;-1,053972995
ENSG00000201348;0,486304132;-2,363941515
ENSG00000234187;0,015762787;-0,027058606
ENSG00000239923;0,027348236;-0,110027092
ENSG00000089091;0,134700018;-0,988026855
ENSG00000221748;0,290618364;-0,744413035
ENSG00000101004;-0,173077255;-0,728307155
ENSG00000226465;0,112830661;-0,143056359
ENSG00000174365;0,028397545;-0,221752481
ENSG00000244558;0,353409648;-1,277458807
ENSG00000132801;0,129136899;-0,746545289
ENSG00000182463;0,355866197;-1,022857511
ENSG00000196074;0,384675276;-1,348178515
ENSG00000132825;0,092013952;-0,635090886
ENSG00000101181;0,095354839;-1,143495142
ENSG00000101180;0,14324059;-0,57574887
ENSG00000149679;0,08039693;-0,289495617
ENSG00000225978;0,246302911;-1,19498476
ENSG00000101216;0,041905965;-0,152735893
ENSG00000197114;0,123757797;-0,504392553
ENSG00000130584;-0,316449675;-0,802617452
ENSG00000199805;0,244138918;-1,358462424
ENSG00000216164;0,289127736;-1,039494788
ENSG00000207554;-0,16225378;-0,376470983
ENSG00000184731;0,075125407;-0,247019691
ENSG00000234423;0,269655006;-1,287656492
ENSG00000238722;0,336629869;-1,278266956
ENSG00000236008;-0,061282741;-0,206909704
ENSG00000205795;-0,073878974;-0,290295692
ENSG00000119771;-0,034672495;-0,046212457
ENSG00000221445;-0,240367383;-0,301082976
ENSG00000171303;-0,161223427;-0,304667547
ENSG00000163793;0,132141859;-0,209259952
ENSG00000200003;0,947530734;-2,485732879
ENSG00000225991;0,002007063;-0,006748879
ENSG00000213626;0,167969843;-0,386497353
ENSG00000158089;-0,013959684;-0,02449955
ENSG00000207653;0,152060937;-0,442510696
ENSG00000115841;0,259934333;-1,04178665
ENSG00000252239;0,458071117;-1,311212343
ENSG00000152527;-0,008686574;-0,013470219
ENSG00000143919;-0,113694277;-0,527256364
ENSG00000238165;-0,126268436;-0,461386825
ENSG00000233266;-0,034486303;-0,100860511
ENSG00000233723;0,143883492;-0,931782209
ENSG00000237162;-0,106171142;-0,25197596
ENSG00000232693;0,186235883;-0,680795341
ENSG00000232228;0,632561323;-2,700605435
ENSG00000250810;0,030435437;-0,034036802
ENSG00000162951;-0,032418837;-0,105922182
ENSG00000212001;-0,202860508;-0,28870683
ENSG00000153574;-0,109353949;-0,44831684
ENSG00000163067;0,034797388;-0,21246517
ENSG00000170417;0,03439577;-0,166666837
ENSG00000234177;-0,153487066;-0,625496906
ENSG00000201470;-0,49619683;-1,432421326
ENSG00000163046;0,332352083;-1,137091642
ENSG00000121988;-0,180562098;-1,345618917
ENSG00000212389;-0,242438472;-0,589302517
ENSG00000153250;0,08837004;-0,287581126
ENSG00000115290;-0,034866818;-0,103659273
ENSG00000082438;0,116501955;-0,450840532
ENSG00000223318;0,478782828;-0,653351706
ENSG00000169507;0,424944092;-0,850757639
ENSG00000228222;0,116887711;-0,381120445
ENSG00000252779;0,257264392;-0,555125852
ENSG00000144355;-0,000555022;-0,001384615
ENSG00000223960;0,055613433;-0,258899298
ENSG00000232430;0,241214745;-0,378348657
ENSG00000162998;-0,974830146;-2,008447028
ENSG00000188738;-0,10299721;-0,252753406
ENSG00000226410;0,142588962;-0,799389308
ENSG00000223249;-0,020286744;-0,02418021
ENSG00000231145;0,097859574;-0,144496273
ENSG00000252130;0,576264754;-0,838416992
ENSG00000236977;0,026267618;-0,067538707
ENSG00000212534;0,097901512;-0,231506727
ENSG00000236047;-0,068126909;-0,078640702
ENSG00000233579;-0,316150195;-1,080190616
ENSG00000115457;0,121752292;-0,283123868
ENSG00000072195;-0,084767352;-0,1555468
ENSG00000221199;0,612086335;-0,619898557
ENSG00000221432;0,726110324;-1,541621681
ENSG00000232784;0,373418103;-0,920505256
ENSG00000144460;-0,363501489;-0,544702982
ENSG00000169047;0,273610463;-1,587223921
ENSG00000241530;-0,734005163;-0,493203003
ENSG00000207626;0,448381917;-0,794377083
ENSG00000199781;0,291968922;-0,55654065
ENSG00000235529;-0,233213425;-0,711450958
ENSG00000144476;-0,140467049;-0,345029513
ENSG00000142330;-0,055353251;-0,442477504
ENSG00000162804;-0,153468431;-0,765658432
ENSG00000237161;0,841092712;-1,967233981
ENSG00000187667;0,14722423;-0,912300657
ENSG00000261622;0,176354294;-1,264394695
ENSG00000200661;0,625202368;-0,873694661
ENSG00000200398;0,948964126;-1,307510162
ENSG00000259152;-0,084818716;-0,397198486
ENSG00000104044;0,005159391;-0,011771637
ENSG00000159248;0,181351607;-0,920808738
ENSG00000103932;0,044914776;-0,348777274
ENSG00000140326;0,015144182;-0,044337589
ENSG00000240430;-0,14361922;-0,23948553
ENSG00000185607;0,213450376;-0,793567405
ENSG00000259659;-0,057567466;-0,411572877
ENSG00000140263;0,060265328;-0,180355455
ENSG00000252376;0,05721981;-0,103150845
ENSG00000242737;0,089208704;-0,300439255
ENSG00000207484;-0,046636765;-0,055294296
ENSG00000202323;0,03372023;-0,076160825
ENSG00000259935;0,284150186;-0,730417103
ENSG00000069943;-0,130591845;-0,550891719
ENSG00000261072;0,282336212;-0,834095751
ENSG00000140455;-0,238328417;-1,403306941
ENSG00000169118;-0,057023806;-0,560926923
ENSG00000166192;-0,0375212;-0,069401955
ENSG00000103855;-0,152850503;-1,014901769
ENSG00000167178;-0,048406079;-0,061335712
ENSG00000179335;0,094141389;-0,841792161
ENSG00000173548;0,034338049;-0,175825091
ENSG00000136425;0,117855187;-0,509341602
ENSG00000259562;0,022937618;-0,049823807
ENSG00000235711;0,083608602;-0,199154721
ENSG00000169330;-0,119287692;-0,330459624
ENSG00000259404;-0,153319159;-0,402936895
ENSG00000225151;0,12483703;-0,34929051
ENSG00000176700;0,097578576;-0,533246301
ENSG00000140543;0,083013259;-0,608573353
ENSG00000221630;0,81833112;-1,183066573
ENSG00000207703;-0,107046325;-0,269903102
ENSG00000239151;-0,233410307;-1,394519458
ENSG00000183208;0,216097622;-1,628379686
ENSG00000198901;0,262977878;-0,886166176
ENSG00000259706;0,057902509;-0,22270729
ENSG00000212306;-0,216750855;-0,480859523
ENSG00000259583;0,096624169;-0,303216058
ENSG00000154237;0,06016801;-0,197749231
ENSG00000188242;0,03771331;-0,325823975
ENSG00000215196;0,121743444;-0,410742848
ENSG00000249937;0,180251692;-0,229390571
ENSG00000248624;0,344628852;-1,367121493
ENSG00000251887;0,068597017;-0,219432114
ENSG00000214108;0,297192689;-1,321421846
ENSG00000249774;0,601357825;-2,231162047
ENSG00000152582;0,187933078;-2,305491888
ENSG00000249850;-0,060573965;-0,662235677
ENSG00000242493;-0,179087988;-0,329438147
ENSG00000238508;0,223036077;-0,40826359
ENSG00000222960;-0,169512026;-0,333036008
ENSG00000207627;0,375318913;-1,419240915
ENSG00000164512;0,151693458;-0,776453893
ENSG00000242765;0,221060044;-0,421466975
ENSG00000214244;0,478782406;-1,902262997
ENSG00000207352;0,144526856;-0,162836419
ENSG00000248803;0,393302464;-1,075202094
ENSG00000198237;0,475995467;-1,42486602
ENSG00000172062;0,041536298;-0,183583334
ENSG00000250615;0,267818984;-0,453378869
ENSG00000152380;-0,044741446;-0,138233101
ENSG00000131730;-0,131703979;-0,604199318
ENSG00000248794;0,18395976;-0,480132778
ENSG00000250320;-0,161146526;-0,92608134
ENSG00000249776;-0,093746775;-0,616756124
ENSG00000251293;-0,243633953;-0,767904126
ENSG00000184838;0,020837568;-0,068170236
ENSG00000252295;0,726653066;-1,497556913
ENSG00000113368;0,147501652;-0,784225351
ENSG00000248610;0,180373982;-0,914797454
ENSG00000222266;0,82748299;-1,510509834
ENSG00000199880;-0,138650153;-0,421506152
ENSG00000177839;0,329482954;-1,995759009
ENSG00000197479;0,410819516;-2,502843193
ENSG00000187372;0,179797279;-0,751574137
ENSG00000261934;0,033914239;-0,132665112
ENSG00000231185;-0,041945376;-0,059671684
ENSG00000208035;0,051064239;-0,187308506
ENSG00000207700;0,415383966;-0,704876703
ENSG00000155846;0,235154488;-0,977914748
ENSG00000214485;-0,371826981;-0,942040402
ENSG00000135074;-0,21475763;-0,326743325
ENSG00000164611;0,495524578;-1,880118393
ENSG00000241956;0,09122724;-0,2070705
ENSG00000229119;-0,601829052;-0,457572724
ENSG00000184347;-0,117361129;-0,264669305
ENSG00000204764;0,013665877;-0,031140383
ENSG00000254328;-0,425820967;-0,772821931
ENSG00000170085;0,055224083;-0,164362314
ENSG00000048162;0,035053805;-0,186973892
ENSG00000169220;-0,306231639;-1,35103915
ENSG00000170074;0,434080477;-1,173785907
ENSG00000248367;0,124766229;-0,388062695
ENSG00000070404;0,145730618;-0,563648735
ENSG00000129951;-0,401325781;-0,547920669
ENSG00000099625;0,175354852;-0,336989248
ENSG00000115255;0,141450712;-2,596877017
ENSG00000181588;-0,064139976;-0,160763894
ENSG00000172081;-0,358683394;-1,257441995
ENSG00000175691;0,08274359;-0,441131506
ENSG00000171970;-0,054122744;-1,126516491
ENSG00000065717;0,502554011;-1,932577536
ENSG00000105298;-0,078159566;-0,4606031
ENSG00000105278;-0,000621159;-0,001134938
ENSG00000206775;0,371371524;-1,031807069
ENSG00000207630;-0,439077064;-1,012139352
ENSG00000104880;0,056268095;-0,505984072
ENSG00000076826;-0,034904271;-0,046630266
ENSG00000260001;0,084295824;-0,159772305
ENSG00000197256;-0,752152144;-1,741307998
ENSG00000238349;-0,022320803;-0,025502585
ENSG00000161914;0,221400961;-1,463703473
ENSG00000197647;0,027717737;-0,157171019
ENSG00000132004;-0,044725788;-0,187216925
ENSG00000252177;0,481052502;-1,363064117
ENSG00000074181;-0,188005731;-0,53957305
ENSG00000105655;0,059544438;-0,152561798
ENSG00000184162;-0,177613124;-0,825783626
ENSG00000250067;-0,007100109;-0,032041283
ENSG00000160229;0,064410783;-0,184175958
ENSG00000213965;-0,121557792;-0,573720386
ENSG00000126243;-0,199157058;-0,265906271
ENSG00000205041;-0,135895052;-0,788230883
ENSG00000142039;0,059491578;-0,363740923
ENSG00000167383;-0,156594611;-0,280784864
ENSG00000125753;-0,24101112;-1,615116618
ENSG00000125741;-0,048608925;-0,40710283
ENSG00000257704;-0,155450113;-0,437868141
ENSG00000126464;0,147011205;-0,218360049
ENSG00000104973;0,049343101;-0,253325533
ENSG00000142528;0,008231657;-0,051889667
ENSG00000142549;0,038749888;-0,092042811
ENSG00000182310;-0,157731443;-0,95460073
ENSG00000160336;-0,187041045;-0,698586961
ENSG00000088038;0,029088646;-0,056781155
ENSG00000160439;0,069063542;-0,386973512
ENSG00000018869;0,006922462;-0,029345419
ENSG00000127903;0,025935068;-0,086873578
ENSG00000152433;0,215054605;-2,084658107
ENSG00000204519;-0,105013518;-1,801798954
ENSG00000204514;0,12978338;-0,773309471
ENSG00000249471;-0,006968313;-0,027730295
ENSG00000083838;-0,028324662;-0,104959157
ENSG00000119574;0,164591185;-0,764959829
ENSG00000181404;0,018271977;-0,160436329
ENSG00000236404;0,058257814;-0,179293235
ENSG00000230001;0,199077739;-0,306788306
ENSG00000224972;-0,088983478;-0,295452404
ENSG00000238348;0,153166822;-0,145206988
ENSG00000224955;0,119490973;-0,225496542
ENSG00000260947;0,000407983;-0,000618242
ENSG00000251748;0,243927274;-0,536340776
ENSG00000227383;-0,443154101;-1,276900726
ENSG00000137070;0,290969762;-2,111460641
ENSG00000165282;-0,039511062;-0,271889383
ENSG00000235619;-0,000719981;-0,001513784
ENSG00000206784;0,451869029;-0,526212703
ENSG00000175768;0,278064281;-1,98545539
ENSG00000106714;0,091013737;-0,245919407
ENSG00000196409;-0,063340247;-0,46950666
ENSG00000224193;-0,176310894;-0,147391797
ENSG00000165060;-0,131483127;-1,174228056
ENSG00000239183;0,10607651;-0,134221061
ENSG00000226721;-0,027702253;-0,043829877
ENSG00000227603;-0,095780449;-0,360120889
ENSG00000227666;0,210827208;-0,694388237
ENSG00000199133;0,560986386;-1,72325207
ENSG00000175787;-0,047715096;-0,375149333
ENSG00000232063;0,200638312;-0,974280116
ENSG00000230815;0,076087584;-0,149476434
ENSG00000175611;0,165014478;-0,607000883
ENSG00000199202;0,748518772;-1,392475001
ENSG00000233820;0,418223394;-0,835304637
ENSG00000203279;0,015178403;-0,012069326
ENSG00000106789;0,254121159;-2,010971974
ENSG00000170681;0,184513622;-0,515529633
ENSG00000229419;-0,019104727;-0,137195234
ENSG00000259953;0,154632001;-0,574217269
ENSG00000177736;0,222023354;-1,050308032
ENSG00000230396;0,137021579;-0,402233811
ENSG00000106992;0,145452062;-1,066391162
ENSG00000175287;0,16538731;-0,53592748
ENSG00000240853;0,498842101;-1,300125541
ENSG00000127191;0,170549854;-0,814540126
ENSG00000235117;0,323400013;-1,144757715
ENSG00000188566;-0,017067785;-0,090093766
ENSG00000181090;0,087753323;-0,306770724
ENSG00000234769;-0,135291733;-0,84283038
ENSG00000103148;-0,147846647;-0,626512321
ENSG00000103126;0,122405829;-0,588798543
ENSG00000127580;0,153981169;-1,607146879
ENSG00000059145;0,035939636;-0,131406352
ENSG00000100726;0,060837269;-0,1845141
ENSG00000187535;0,154804869;-0,68115263
ENSG00000197774;0,044863108;-0,093757364
ENSG00000167962;0,227913585;-1,500747626
ENSG00000215154;0,147624823;-0,479106322
ENSG00000122386;-0,119516655;-0,29580467
ENSG00000239283;-0,02546147;-0,030122034
ENSG00000188827;0,091740787;-0,312554877
ENSG00000260835;0,444303207;-1,434588193
ENSG00000259963;0,102266226;-0,617301804
ENSG00000252405;-0,284609513;-0,365914577
ENSG00000067365;0,035697817;-0,272495593
ENSG00000238728;0,49970685;-0,528851484
ENSG00000260872;0,30759425;-0,395234115
ENSG00000250251;0,136938524;-0,283890604
ENSG00000103222;0,068639378;-0,326113091
ENSG00000214967;0,035654068;-0,058363531
ENSG00000261596;0,047233811;-0,16935774
ENSG00000207248;0,835206791;-1,417165881
ENSG00000175267;0,134362833;-0,339027809
ENSG00000257122;0,14776408;-0,355274398
ENSG00000262155;-0,073008173;-0,22542531
ENSG00000188322;-0,154666665;-0,17235816
ENSG00000176476;0,078777642;-0,231586593
ENSG00000169955;-0,056804905;-0,323487867
ENSG00000156853;-0,110744278;-1,131395838
ENSG00000156858;-0,075453299;-0,224634545
ENSG00000156873;0,078206437;-1,298626369
ENSG00000222767;-0,174585839;-0,214910773
ENSG00000238544;-0,166255726;-0,206956209
ENSG00000261291;0,185563478;-0,579137592
ENSG00000261056;0,019442815;-0,084112592
ENSG00000261389;0,061747214;-0,353130567
ENSG00000260936;-0,05489343;-0,222430911
ENSG00000124074;0,238067067;-1,676411855
ENSG00000141084;-0,018620171;-0,06727643
ENSG00000167264;-0,149819724;-1,214943411
ENSG00000182810;0,109549331;-0,691631394
ENSG00000259797;0,027565441;-0,085690009
ENSG00000200164;-0,018429884;-0,025351341
ENSG00000213380;0,140564517;-1,55975536
ENSG00000157349;0,055995537;-0,780110493
ENSG00000180917;-0,180691198;-1,457897062
ENSG00000251868;-0,018866642;-0,018704781
ENSG00000207525;0,102028361;-0,15622415
ENSG00000186187;-0,047391599;-0,092820853
ENSG00000140950;0,11721781;-0,67946836
ENSG00000103187;-0,020547158;-0,126341573
ENSG00000204991;0,170367661;-1,041728635
ENSG00000223959;-0,004002984;-0,010206056
ENSG00000260528;-0,230701519;-0,623629686
ENSG00000228009;0,302354612;-1,000410265
ENSG00000232795;0,284322661;-1,355525823
ENSG00000234835;0,105633206;-0,843690153
ENSG00000221100;0,167149244;-0,636296027
ENSG00000238408;0,301570881;-1,179421218
ENSG00000237585;0,151820288;-0,251658394
ENSG00000170919;0,111562614;-1,174524287
ENSG00000236577;0,21408226;-0,436833645
ENSG00000186047;-0,150094229;-0,618409794
ENSG00000123191;0,077136878;-0,381969944
ENSG00000220981;0,254165419;-0,480005266
ENSG00000221473;-0,61133212;-2,031842599
ENSG00000125285;-0,08112031;-0,185604656
ENSG00000247400;0,232326002;-1,530505032
ENSG00000203341;-0,039528825;-0,131419276
ENSG00000134871;-0,327325249;-0,726032408
ENSG00000134905;0,032808601;-0,807689613
ENSG00000153531;0,352408387;-1,85474267
ENSG00000101871;-0,155599855;-0,86310636
ENSG00000169239;-0,096864417;-0,416919898
ENSG00000044446;0,113075318;-1,042479826
ENSG00000004848;-0,089566922;-0,181051816
ENSG00000238606;0,66002026;-1,465985979
ENSG00000183690;0,001634341;-0,004494131
ENSG00000231566;0,093880725;-0,648652785
ENSG00000147119;-0,087796398;-0,120811938
ENSG00000102302;-0,060105341;-0,103359139
ENSG00000222596;0,426127227;-1,835720032
ENSG00000230986;0,454964895;-0,798510278
ENSG00000199168;0,375401353;-1,034062666
ENSG00000189108;-0,039168955;-0,083471335
ENSG00000182890;0,217903551;-0,877865083
ENSG00000232599;-0,222752404;-0,333556971
ENSG00000212747;-0,05153894;-0,214127553
ENSG00000202279;-0,591726259;-1,640278695
ENSG00000230707;-0,04288935;-0,091099887
ENSG00000235703;-0,023672998;-0,204616951
ENSG00000225110;-0,23622858;-0,405436884
ENSG00000102032;0,120496809;-0,310497018
ENSG00000130827;-0,225665372;-0,429063822
ENSG00000197932;-0,090959705;-0,149277426
ENSG00000155962;0,077072408;-0,306525353
ENSG00000182484;-0,019503569;-0,100010872
ENSG00000002822;0,166717927;-0,763021133
ENSG00000136213;0,263315868;-1,009559484
ENSG00000106003;-0,138324051;-0,486059352
ENSG00000106009;0,004369379;-0,016130919
ENSG00000155034;0,048820755;-0,185699704
ENSG00000238534;-0,156812691;-0,680182045
ENSG00000235920;-0,123324428;-0,425249266
ENSG00000171243;0,025339484;-0,049496083
ENSG00000223030;-0,279704058;-0,316194878
ENSG00000225264;-0,069986586;-0,126764431
ENSG00000244480;0,175620608;-1,776464098
ENSG00000207573;0,200614433;-0,195194964
ENSG00000211688;-0,152000275;-0,082084855
ENSG00000106536;0,228840242;-1,110864852
ENSG00000181211;0,446951226;-2,317428515
ENSG00000146674;0,096184623;-0,176560193
ENSG00000178665;-0,23736669;-0,935535724
ENSG00000164776;-0,103936872;-0,269342073
ENSG00000226002;0,56416732;-1,206848954
ENSG00000232270;0,52659851;-2,177011852
ENSG00000230189;-0,11621827;-0,622659468
ENSG00000235475;0,318904027;-2,636400448
ENSG00000174353;0,029211466;-0,203762375
ENSG00000009950;0,226274873;-1,422572205
ENSG00000176428;-0,03998883;-0,140421797
ENSG00000071462;-0,169053246;-1,650843585
ENSG00000006704;0,205630645;-0,913443563
ENSG00000123965;-0,059067291;-0,157762578
ENSG00000135213;-0,064575712;-0,152020618
ENSG00000205485;0,077395558;-0,478518538
ENSG00000146707;-0,081616017;-0,173853855
ENSG00000225726;-0,140750716;-0,277104672
ENSG00000135185;0,239524067;-0,570593392
ENSG00000235436;0,400417403;-1,526291194
ENSG00000237818;0,167323187;-0,483142955
ENSG00000238228;0,025579199;-0,10645931
ENSG00000198556;-0,05161088;-0,597424584
ENSG00000221838;0,074810109;-1,203446015
ENSG00000242294;-0,094537759;-0,586993058
ENSG00000160813;-0,069963598;-0,479636493
ENSG00000146776;0,076401368;-0,263173547
ENSG00000199646;0,197196279;-2,347177454
ENSG00000105939;-0,323924247;-1,216344673
ENSG00000211767;0,578671614;-0,866054989
ENSG00000223459;0,241927854;-2,386369557
ENSG00000226857;0,424900676;-1,122458986
ENSG00000232391;0,18680493;-0,429045197
ENSG00000204947;0,023620919;-0,098249605
ENSG00000181220;0,165049092;-2,109337561
ENSG00000133619;0,035914119;-0,193093893
ENSG00000196456;0,063356174;-0,371843955
ENSG00000164897;0,032423899;-0,166959369
ENSG00000216895;0,055759714;-0,230088346
ENSG00000244291;-0,061810597;-0,224855026
ENSG00000228327;-0,194187227;-0,650742029
ENSG00000242937;0,123058657;-0,311555094
ENSG00000162572;0,141747286;-1,313361613
ENSG00000160072;0,072943041;-0,93423433
ENSG00000197921;-0,402035295;-0,362005362
ENSG00000169598;0,095667806;-1,387602053
ENSG00000158292;-0,190902079;-0,30771375
ENSG00000041988;-0,064326643;-0,370409159
ENSG00000224315;0,187311703;-0,414221662
ENSG00000171608;0,169833085;-1,085330726
ENSG00000201746;0,313731354;-0,64669518
ENSG00000238547;0,171119468;-0,423599505
ENSG00000120942;0,107541843;-2,402236923
ENSG00000116663;0,028272772;-0,085951969
ENSG00000239149;0,430104476;-0,951769234
ENSG00000132906;0,090095038;-0,680339745
ENSG00000132881;-0,268704225;-0,973822068
ENSG00000204377;-0,022344993;-0,044988634
ENSG00000238142;0,180596358;-0,469896446
ENSG00000142794;-0,13784849;-0,373749642
ENSG00000230068;-0,104646156;-0,519414386
ENSG00000249087;0,025598118;-0,082364617
ENSG00000117305;-0,109643155;-0,546526827
ENSG00000158006;0,049744539;-0,528293783
ENSG00000142684;0,296501472;-0,958768794
ENSG00000090020;0,02192928;-0,06576223
ENSG00000130766;0,182363365;-1,350575776
ENSG00000242125;0,018697505;-0,084066554
ENSG00000121775;-0,257055632;-1,39234059
ENSG00000160050;0,141705322;-0,712990882
ENSG00000162522;-0,129130432;-0,298177698
ENSG00000121904;-0,206146788;-0,289766844
ENSG00000214193;0,229725772;-0,875131061
ENSG00000183317;0,18304742;-1,554138725
ENSG00000127124;-0,275849408;-0,296591028
ENSG00000186409;0,123345168;-0,600531505
ENSG00000164011;-0,079853983;-0,613791013
ENSG00000199377;0,086318578;-0,157339248
ENSG00000225447;0,347919788;-1,680829204
ENSG00000117481;0,038594508;-0,312913319
ENSG00000243685;0,676889463;-2,425499416
ENSG00000198841;0,27192627;-2,340731344
ENSG00000121310;-0,0418817;-0,224977513
ENSG00000231866;0,149106334;-0,373500259
ENSG00000225675;0,095160895;-0,439728838
ENSG00000236888;0,209034969;-0,255354094
ENSG00000226891;0,14921194;-0,579164516
ENSG00000231485;-0,047204159;-0,073785269
ENSG00000221203;-0,3289922;-0,617019206
ENSG00000097096;0,092168339;-0,452874572
ENSG00000069702;-0,439321093;-1,436310564
ENSG00000207523;0,540238649;-0,902276223
ENSG00000137936;0,116084211;-0,757180856
ENSG00000211575;0,626959358;-1,596638174
ENSG00000085491;-0,070662044;-0,205607947
ENSG00000162650;0,177965016;-0,496069183
ENSG00000143093;0,342940915;-2,306358912
ENSG00000116396;0,088095227;-0,535383069
ENSG00000085465;0,285916408;-1,535026196
ENSG00000239873;0,239525293;-1,166039785
ENSG00000227082;0,138264295;-0,620430739
ENSG00000163386;0,016106763;-0,101187348
ENSG00000233396;0,098826379;-0,618303629
ENSG00000198483;0,151352213;-0,924474969
ENSG00000243452;0,058374547;-0,122268266
ENSG00000226067;0,087665028;-0,330385091
ENSG00000159208;0,17261709;-0,281498909
ENSG00000143369;0,123286141;-0,723778241
ENSG00000143367;0,147747761;-0,83224949
ENSG00000163220;0,099684717;-0,057380138
ENSG00000223599;0,06912102;-0,319981584
ENSG00000163462;-0,036356367;-0,069032033
ENSG00000169231;0,178176356;-1,056515536
ENSG00000231064;-0,103303373;-0,234460305
ENSG00000173171;0,044654759;-0,205416354
ENSG00000160767;0,341139441;-2,329845037
ENSG00000235919;0,044193161;-0,213570908
ENSG00000160783;-0,125686369;-0,335485634
ENSG00000198715;-0,032619581;-0,161939109
ENSG00000222552;0,297930578;-0,776060989
ENSG00000188859;0,163706577;-0,403766409
ENSG00000215952;-0,15257327;-0,501451511
ENSG00000235471;0,30337357;-1,266910392
ENSG00000234604;0,432438229;-1,420649178
ENSG00000252354;0,094669821;-0,162714777
ENSG00000206684;0,165811044;-0,252760311
ENSG00000231615;0,195530557;-0,750537344
ENSG00000236535;0,009181004;-0,027652152
ENSG00000203737;-0,26679427;-1,197577715
ENSG00000237249;-0,226862841;-1,472776061
ENSG00000135828;-0,247781659;-0,906518491
ENSG00000261185;-0,146360876;-0,482965811
ENSG00000135824;-0,056351463;-0,127051541
ENSG00000230470;0,287766214;-1,017444777
ENSG00000235449;-0,150494445;-0,217679368
ENSG00000224900;0,044358639;-0,119890891
ENSG00000216137;0,193726237;-0,197075819
ENSG00000196660;-0,157359062;-1,213456653
ENSG00000233012;-0,196973928;-0,338424601
ENSG00000221571;0,620306434;-1,1409938
ENSG00000228106;-0,005649513;-0,015156322
ENSG00000233384;0,268946858;-1,276051261
ENSG00000236636;0,180531529;-0,414033328
ENSG00000154370;0,137000511;-1,042029657
ENSG00000231563;-0,075697265;-0,158092502
ENSG00000199672;0,239574309;-1,15063997
ENSG00000231272;0,239071245;-0,904904859
ENSG00000223694;0,10278196;-0,498397357
ENSG00000180287;0,090842757;-0,244359376
ENSG00000214837;-0,026409427;-0,102148979
ENSG00000162849;-0,038425603;-0,07413403
ENSG00000230184;0,354211855;-1,932515718
ENSG00000207326;0,93151312;-2,958970071
ENSG00000196071;1,03486485;-2,870993174
ENSG00000235445;0,340595754;-2,421243724
ENSG00000100056;0,319988191;-2,193134259
ENSG00000185252;0,04981615;-0,18746532
ENSG00000242876;-0,077032166;-0,286783707
ENSG00000239266;0,058704038;-0,058464673
ENSG00000183773;0,131660523;-1,041489288
ENSG00000161179;-0,038173139;-0,099715083
ENSG00000133519;-0,030259568;-0,062677188
ENSG00000187792;0,199827467;-0,91601004
ENSG00000133460;-0,006213307;-0,026832864
ENSG00000224003;0,302131767;-0,845760334
ENSG00000235954;0,032400156;-0,233843465
ENSG00000235786;0,437946124;-1,829006411
ENSG00000183762;-0,209404459;-1,73551059
ENSG00000239127;0,438170063;-0,620480463
ENSG00000100319;-0,05488033;-0,221916512
ENSG00000185133;0,018694812;-0,032108169
ENSG00000224050;0,310404136;-0,553804235
ENSG00000237406;0,118737703;-0,617061169
ENSG00000234688;0,115483845;-0,182256283
ENSG00000244627;-0,168461538;-0,901423463
ENSG00000233899;-0,162529436;-0,633279407
ENSG00000100311;-0,205100269;-1,291515418
ENSG00000172346;-0,221281462;-0,32686294
ENSG00000100147;0,066069145;-0,48483658
ENSG00000198951;-0,244176368;-2,284108321
ENSG00000186976;0,045066852;-0,238062287
ENSG00000100376;-0,314220832;-0,535522021
ENSG00000230345;0,822214627;-1,525343862
ENSG00000184164;-0,077284624;-0,623950397
ENSG00000238604;-0,847311216;-1,231191544
ENSG00000111181;-0,304521157;-0,652969514
ENSG00000120647;-0,018890282;-0,081475534
ENSG00000256721;0,200785835;-0,480565062
ENSG00000110811;0,317831462;-1,186908029
ENSG00000256667;0,219410332;-1,299538821
ENSG00000256682;0,328988818;-0,900477324
ENSG00000212126;0,027091502;-0,067290405
ENSG00000255790;0,182752438;-0,306741999
ENSG00000205791;0,042497797;-0,203111273
ENSG00000111404;-0,19610797;-0,363833604
ENSG00000253284;0,023717591;-0,087684216
ENSG00000256287;-0,136619159;-0,199145674
ENSG00000121361;0,21848663;-0,800799701
ENSG00000201228;0,778857527;-1,211323679
ENSG00000225349;-0,008782132;-0,022591312
ENSG00000223082;0,492347604;-2,697371427
ENSG00000199571;0,225396122;-0,417886361
ENSG00000248865;0,241934075;-1,558628507
ENSG00000229014;-0,269449615;-0,854607708
ENSG00000257954;0,02153229;-0,025865317
ENSG00000243739;0,310024739;-0,406652171
ENSG00000257246;0,309728417;-2,278461688
ENSG00000257509;-0,025849698;-0,057728692
ENSG00000065357;0,202736893;-1,294594774
ENSG00000076067;-0,166163328;-1,346995641
ENSG00000166881;-0,061828518;-0,383954608
ENSG00000139266;-0,065763827;-0,204036341
ENSG00000213363;-0,00381762;-0,019503254
ENSG00000255642;0,112741167;-0,214184039
ENSG00000256248;0,049791594;-0,068768463
ENSG00000257818;0,064834562;-0,178849877
ENSG00000236333;0,175877875;-0,845199044
ENSG00000201942;0,297306196;-0,60118527
ENSG00000258375;-0,059478743;-0,278917836
ENSG00000257875;0,044087984;-0,172491156
ENSG00000169372;-0,050553964;-0,294017225
ENSG00000188596;0,142074344;-0,801122809
ENSG00000221479;0,573906668;-0,806130611
ENSG00000222255;0,136690599;-0,322828188
ENSG00000017427;-0,254321436;-0,526175552
ENSG00000198855;0,106029577;-0,61193845
ENSG00000201324;0,061771202;-0,097021791
ENSG00000204852;-0,009180913;-0,249794032
ENSG00000258359;0,114471002;-0,242694612
ENSG00000111271;-0,005956547;-0,045182805
ENSG00000135116;-0,103513972;-0,279246157
ENSG00000174989;0,013875358;-0,043780268
ENSG00000256031;0,403073508;-1,864311721
ENSG00000239062;-0,151051993;-0,149026603
ENSG00000122971;-0,097768048;-0,518912887
ENSG00000256742;0,07072237;-0,313470064
ENSG00000175727;-0,088671641;-0,34193688
ENSG00000139719;0,132513656;-0,622645776
ENSG00000256304;-0,222224309;-0,399403806
ENSG00000150967;0,199653234;-1,759801644
ENSG00000130921;-0,097838911;-0,527488322
ENSG00000185344;0,014045957;-0,102782081
ENSG00000252788;0,253217305;-0,828888628
ENSG00000255595;-0,047059614;-0,180713859
ENSG00000256085;0,416482067;-1,593782226
ENSG00000256064;0,665500025;-1,820267672
ENSG00000177192;0,092403075;-0,840031897
ENSG00000072609;-0,0736433;-0,346919201
ENSG00000167705;0,22532054;-0,845665105
ENSG00000167716;0,114484205;-1,043761772
ENSG00000261963;0,122423014;-0,233217605
ENSG00000263316;-0,116183547;-0,408186226
ENSG00000262089;-0,131106109;-0,211294143
ENSG00000179859;0,224015272;-1,82551823
ENSG00000179029;-0,010724985;-0,063005046
ENSG00000198150;0,16847297;-1,341931081
ENSG00000188803;-0,125305867;-0,223180755
ENSG00000254652;-0,190062554;-0,450326399
ENSG00000223385;-0,070357807;-0,232581221
ENSG00000175106;0,107708189;-0,660613627
ENSG00000179277;-0,162890703;-0,420695267
ENSG00000206859;0,231071198;-0,287017332
ENSG00000179598;0,198854829;-0,864758542
ENSG00000174977;-0,016452608;-0,032482622
ENSG00000225014;0,424694454;-2,091821333
ENSG00000154898;0,212421188;-0,635683506
ENSG00000076382;0,261860421;-1,985728806
ENSG00000109113;-0,280929223;-1,141549107
ENSG00000173065;-0,052526108;-0,152429725
ENSG00000167536;-0,046836435;-0,151287849
ENSG00000179761;0,24014958;-1,310866277
ENSG00000240531;-0,154475758;-0,557040852
ENSG00000226049;0,563212915;-1,271454564
ENSG00000252328;0,678438851;-1,060677446
ENSG00000129270;-0,219991148;-1,585547505
ENSG00000129282;0,015169353;-0,070998837
ENSG00000056661;0,137091348;-0,478846914
ENSG00000073605;0,312051976;-1,991436569
ENSG00000131759;0,058972781;-0,34420782
ENSG00000236194;0,18244109;-0,975157908
ENSG00000214578;-0,582325826;-1,52521441
ENSG00000131477;-0,617584581;-1,564244423
ENSG00000238723;-0,235121892;-0,498488464
ENSG00000262265;0,089441962;-0,207095965
ENSG00000005243;-0,242341268;-0,834395793
ENSG00000251964;0,694293069;-1,033183841
ENSG00000005884;0,084293614;-0,543517784
ENSG00000167100;0,330948545;-1,36972865
ENSG00000015532;0,141442821;-2,267117311
ENSG00000241462;0,111329808;-0,402368287
ENSG00000207235;0,042442215;-0,076107291
ENSG00000242398;-0,136811949;-0,387448038
ENSG00000176809;-0,196097654;-0,971036241
ENSG00000244044;-0,076359608;-0,23315637
ENSG00000141337;0,108115278;-0,513194071
ENSG00000227036;-0,096384987;-0,504724811
ENSG00000172782;0,182024546;-0,644558972
ENSG00000125449;0,280982811;-1,504419129
ENSG00000125454;0,045623339;-0,346531654
ENSG00000182173;0,209616783;-0,912200694
ENSG00000129646;0,2472086;-1,614171823
ENSG00000212418;0,118674758;-0,209648861
ENSG00000238658;0,410865838;-1,129458519
ENSG00000173818;-0,010403737;-0,069508753
ENSG00000185504;0,011808626;-0,036710365
ENSG00000225663;0,011487291;-0,031393097
ENSG00000235296;0,464817679;-1,86930587
ENSG00000181396;0,026869484;-0,208308124
ENSG00000169660;0,350493144;-2,415448185
ENSG00000137274;0,094773879;-0,82743204
ENSG00000168994;-0,164375498;-0,575965495
ENSG00000224707;-0,161033202;-0,608881548
ENSG00000168405;0,211120596;-0,470786653
ENSG00000197409;-0,063664862;-0,113548109
ENSG00000196966;-0,052384875;-0,071335046
ENSG00000203813;0,059232588;-0,169945981
ENSG00000196374;0,167596709;-0,448406551
ENSG00000137185;0,14919838;-1,701259499
ENSG00000189298;0,018888228;-0,064848392
ENSG00000187987;-0,02129902;-0,078926323
ENSG00000232040;0,330134562;-1,042495518
ENSG00000204599;0,066315625;-0,37723074
ENSG00000201988;0,334918554;-1,061032433
ENSG00000228962;0,095132121;-0,165095622
ENSG00000198502;-0,382540812;-0,183773286
ENSG00000204228;-0,033174742;-0,083935754
ENSG00000065029;-0,04511891;-0,401874997
ENSG00000200597;-0,115583284;-0,296827237
ENSG00000226454;0,508209781;-1,006151798
ENSG00000124496;0,121870371;-0,471634572
ENSG00000112619;0,209500637;-1,405137863
ENSG00000124574;0,043483694;-0,154118502
ENSG00000252871;0,835606857;-1,634327169
ENSG00000230554;0,344760712;-0,657772978
ENSG00000146070;0,351397896;-0,951568559
ENSG00000252106;-0,004278185;-0,006060909
ENSG00000252253;0,197688037;-0,482054982
ENSG00000262803;0,426879493;-2,267109127
ENSG00000199094;-0,079035097;-0,118346938
ENSG00000239132;0,161494109;-0,411326269
ENSG00000217512;0,16711902;-0,538520854
ENSG00000146242;0,202546634;-0,487300011
ENSG00000118420;0,212552023;-1,451483221
ENSG00000223998;-0,152171825;-0,725162108
ENSG00000214457;0,556961168;-4,34980652
ENSG00000112214;0,110168159;-0,26339287
ENSG00000226684;-0,102310134;-0,170896533
ENSG00000135537;0,052477545;-0,259296054
ENSG00000199944;0,024241601;-0,056970632
ENSG00000255389;-0,20316309;-1,306791518
ENSG00000112769;-0,356178201;-1,310773348
ENSG00000111817;-0,294349742;-1,436197681
ENSG00000164465;0,513786227;-1,865548884
ENSG00000231842;0,1753617;-0,914216069
ENSG00000221503;0,285795924;-0,993958435
ENSG00000182404;0,34596495;-1,284039485
ENSG00000201012;0,414106392;-1,956242553
ENSG00000216613;0,054645508;-0,069552884
ENSG00000112378;-0,027176374;-0,064737963
ENSG00000225177;-0,228224787;-0,651138898
ENSG00000224460;0,598991826;-0,840729529
ENSG00000189007;0,010366939;-0,121935973
ENSG00000241847;-0,05064503;-0,109944439
ENSG00000203727;0,024440402;-0,034355049
ENSG00000177688;-0,068982822;-0,298835227
ENSG00000252658;0,079231585;-0,197494421
ENSG00000214239;0,936105789;-2,925164763
ENSG00000231863;0,191671497;-0,964254475
ENSG00000223942;0,752701349;-2,763850406
ENSG00000256956;0,750771741;-2,887702084
ENSG00000232082;0,541868437;-2,324636389
ENSG00000026297;-0,048021273;-0,493387823
ENSG00000197146;0,282880378;-1,824892224
ENSG00000224318;0,369471139;-1,631789624
ENSG00000230398;0,287361508;-1,031473744
ENSG00000226642;0,052374264;-0,122127231
ENSG00000206561;0,160664346;-0,739263736
ENSG00000207251;0,199466115;-0,916541924
ENSG00000206559;0,138252862;-0,473781499
ENSG00000144642;-0,154527798;-1,346683415
ENSG00000144645;0,282713554;-1,141032999
ENSG00000206645;0,309641881;-0,632564418
ENSG00000230409;-0,134175453;-1,077819219
ENSG00000222872;0,291504004;-0,834157406
ENSG00000241939;0,007839442;-0,010700933
ENSG00000178917;0,005583908;-0,016846614
ENSG00000186446;0,115969117;-0,37050825
ENSG00000160801;-0,131907025;-0,380756636
ENSG00000227398;0,209244436;-1,214213001
ENSG00000241470;0,295357638;-1,065029231
ENSG00000178149;-0,020704929;-0,202766262
ENSG00000188315;-0,084489414;-1,332132015
ENSG00000145020;0,146070739;-1,401129398
ENSG00000243477;0,036259933;-0,187630955
ENSG00000114779;-3,68508E-05;-8,57406E-05
ENSG00000010319;-0,304533777;-0,759331635
ENSG00000212493;0,060181639;-0,104707273
ENSG00000144730;-0,064139441;-0,210970569
ENSG00000202071;0,636371681;-1,953988839
ENSG00000214552;-0,09594069;-0,096735785
ENSG00000144736;0,164888008;-1,170873913
ENSG00000238959;0,411923537;-0,681502865
ENSG00000255423;-0,072577733;-0,372162094
ENSG00000239119;-0,284234141;-0,597497997
ENSG00000240964;0,02834845;-0,050466747
ENSG00000206712;0,240072548;-0,701676552
ENSG00000239747;0,553845615;-1,077764071
ENSG00000144824;-0,498872256;-1,582947875
ENSG00000206530;0,002004059;-0,006109016
ENSG00000241156;0,169434298;-0,332343719
ENSG00000173200;-0,124773481;-0,921682964
ENSG00000082684;-0,014961721;-0,022148623
ENSG00000082781;-0,032798423;-0,155006463
ENSG00000243508;0,167743084;-1,159219519
ENSG00000241278;0,106675268;-0,246194519
ENSG00000197763;0,213739168;-1,457258297
ENSG00000132394;0,170771403;-1,056656073
ENSG00000242337;0,235668242;-0,965630968
ENSG00000252641;0,482361493;-0,550646937
ENSG00000240695;0,228611453;-0,931783985
ENSG00000248773;0,256487133;-0,994406515
ENSG00000202125;0,199562815;-0,307478805
ENSG00000239570;-0,240899431;-1,146284854
ENSG00000214216;0,039754551;-0,121367763
ENSG00000206120;-0,195288775;-0,269774797
ENSG00000163584;-0,077583579;-0,327831867
ENSG00000075420;-0,088267363;-0,566481854
ENSG00000237645;0,045099262;-0,224361547
ENSG00000244346;-0,1331808;-0,429450716
ENSG00000202502;-0,749436912;-1,671774488
ENSG00000145194;0,265266302;-1,204820567
ENSG00000182580;0,293059141;-0,627165106
ENSG00000240958;0,591444679;-1,504270856
ENSG00000163918;0,143909851;-0,777514205
ENSG00000163923;-0,303342003;-1,283861567
ENSG00000207368;-0,186501939;-0,262497615
ENSG00000119227;0,03205041;-0,119424968
ENSG00000197701;0,195197736;-1,156318804
ENSG00000252616;1,151410278;-5,721763088
ENSG00000207642;0,388162639;-1,148709994
ENSG00000185049;0,125973743;-0,642376531
ENSG00000239247;0,460265897;-0,594932209
ENSG00000168826;0,048327384;-0,38230282
ENSG00000247708;0,025482851;-0,112394015
ENSG00000249896;0,077688688;-0,262726863
ENSG00000251615;0,048086842;-0,091630428
ENSG00000155275;0,122009263;-0,479826883
ENSG00000248228;-0,235975223;-0,773887464
ENSG00000168228;0,115548883;-0,979233455
ENSG00000231160;0,050525404;-0,211609441
ENSG00000243260;0,158924051;-0,398563245
ENSG00000078177;0,084141114;-0,313314552
ENSG00000241625;0,062688794;-0,240393714
ENSG00000174796;-0,030231549;-0,278218274
ENSG00000138744;0,366967219;-2,169679969
ENSG00000138771;-0,068699685;-0,171243635
ENSG00000231335;0,426231962;-2,850994009
ENSG00000248019;-0,026747914;-0,078790565
ENSG00000138821;-0,005219069;-0,012003739
ENSG00000230069;0,387737664;-3,334582111
ENSG00000138780;-0,024816425;-0,158528236
ENSG00000236922;0,204490685;-0,27878832
ENSG00000248280;0,240559486;-0,371900639
ENSG00000138741;0,224003554;-0,500080788
ENSG00000224786;0,045259592;-0,190047074
ENSG00000164056;0,0742348;-0,251091634
ENSG00000085871;0,198297822;-1,139011683
ENSG00000251600;0,212818272;-1,051644112
ENSG00000121210;0,02350142;-0,117070333
ENSG00000200350;0,740829689;-1,80748097
ENSG00000253001;0,157985351;-0,642770466
ENSG00000248546;-0,06534471;-0,087059063
ENSG00000201516;0,86307481;-1,811911457
ENSG00000251739;-0,122386815;-0,167533219
ENSG00000205129;0,206625084;-1,022827954
ENSG00000207497;-0,581975763;-1,188965671
ENSG00000258768;0,059440275;-0,220976477
ENSG00000186648;0,003758616;-0,003817965
ENSG00000258704;0,287680759;-2,754740067
ENSG00000100902;0,039384302;-0,23466055
ENSG00000238718;0,233022357;-0,665368809
ENSG00000257272;0,326550067;-1,638868634
ENSG00000187790;0,024081189;-0,158350386
ENSG00000131981;-0,239030304;-0,421657955
ENSG00000240239;0,043679219;-0,1092619
ENSG00000181619;0,206632469;-1,208568047
ENSG00000258445;0,032879721;-0,05844113
ENSG00000023608;-0,051598283;-0,187081501
ENSG00000054654;-0,261278217;-1,233937699
ENSG00000206768;0,554257633;-1,330222733
ENSG00000257759;0,066530257;-0,365201033
ENSG00000119599;0,214768529;-1,68672588
ENSG00000258603;0,293287649;-1,237301497
ENSG00000259606;0,538799653;-3,496593196
ENSG00000070778;-0,046114453;-0,287823159
ENSG00000247092;0,123268086;-0,579049624
ENSG00000199082;0,004297792;-0,003788428
ENSG00000207569;0,094502976;-0,363816769
ENSG00000207608;-0,275750691;-0,442201843
ENSG00000238527;-0,222599776;-0,359281321
ENSG00000251918;0,128531728;-0,223636824
ENSG00000202293;0,427552444;-1,760561107
ENSG00000199109;0,076599409;-0,150842698
ENSG00000207761;0,808130878;-2,30766027
ENSG00000194717;-0,236087803;-0,803122629
ENSG00000221614;0,603608718;-0,822522082
ENSG00000258861;0,115119775;-1,129718344
ENSG00000216179;0,774852559;-2,726595044
ENSG00000080823;0,232033214;-1,459476244
ENSG00000022976;-0,055776381;-0,365545218
ENSG00000185215;-0,145299175;-0,841166287
ENSG00000184990;-0,126725612;-0,733044226
ENSG00000184916;-0,10116809;-0,133504953
ENSG00000237647;0,393649253;-0,646036718
ENSG00000249188;-0,436845519;-0,487747298
ENSG00000207701;-0,078623917;-0,192631509
ENSG00000171044;0,299051499;-1,52421182
ENSG00000254936;0,288960158;-1,803605691
ENSG00000254556;0,117709584;-0,497110422
ENSG00000255495;0,191813033;-0,311445058
ENSG00000158863;0,090309554;-1,079633776
ENSG00000147439;0,061720875;-0,708980182
ENSG00000168081;-0,363632854;-0,530742636
ENSG00000202411;0,0526061;-0,062559716
ENSG00000104299;0,015717178;-0,075658622
ENSG00000253222;0,068517724;-0,225911714
ENSG00000233170;0,314581535;-0,95853753
ENSG00000253586;0,148704769;-0,777304299
ENSG00000253475;0,359858651;-1,2865989
ENSG00000253857;-0,073462578;-0,161699945
ENSG00000180828;-0,282420779;-0,271786001
ENSG00000221947;0,329805668;-1,14043323
ENSG00000260838;0,468831511;-1,486057955
ENSG00000254273;-0,004981038;-0,008341496
ENSG00000253137;0,157287655;-0,759019842
ENSG00000207359;0,212041631;-0,351825312
ENSG00000104356;-0,059291667;-0,344383498
ENSG00000104450;0,26188586;-2,770387301
ENSG00000164930;0,167215084;-0,904516586
ENSG00000238656;0,570782476;-1,442318361
ENSG00000253839;0,295528274;-1,122986636
ENSG00000254258;-0,215234559;-1,357993124
ENSG00000169427;0,122225156;-0,383819834
ENSG00000014164;0,075593261;-0,269131178
ENSG00000104524;-0,204210175;-1,05052728
ENSG00000179832;0,166551757;-0,51293581
ENSG00000170616;0,820785195;-2,178750192
ENSG00000173137;-0,044969771;-0,131632331
ENSG00000160972;0,091418099;-0,238243683
ENSG00000239107;1,011959517;-1,675435359
ENSG00000243740;0,466498129;-1,775617872
ENSG00000142149;0,112763134;-0,199168946
ENSG00000228107;0,00931356;-0,059001622
ENSG00000159259;0,217766092;-1,585183002
ENSG00000160188;-0,192981722;-0,796320548
ENSG00000160193;0,160354689;-2,064078908
ENSG00000186866;-0,184022349;-1,201240497
ENSG00000182362;0,075721133;-0,291912859
ENSG00000177042;-0,016919909;-0,076052294
ENSG00000255284;0,275615139;-2,290277394
ENSG00000201616;0,104736978;-0,136021849
ENSG00000021762;-0,021040121;-0,031765572
ENSG00000166436;0,442768601;-3,03612332
ENSG00000166444;0,115086352;-1,155974039
ENSG00000255097;-0,250083922;-0,837270976
ENSG00000133800;-1,074953642;-2,404299323
ENSG00000110693;-0,140980564;-0,513608625
ENSG00000201586;-0,191511394;-0,317882782
ENSG00000240808;0,338205887;-2,337108017
ENSG00000151117;0,153481831;-0,995121788
ENSG00000255270;0,19681358;-0,44787627
ENSG00000176697;-0,004338512;-0,005937756
ENSG00000254537;-0,129316566;-0,186144493
ENSG00000255207;-0,048754889;-0,101856747
ENSG00000180720;0,278037795;-1,111843119
ENSG00000186907;-0,082373979;-0,184048979
ENSG00000110104;-0,013150566;-0,04810088
ENSG00000149483;0,031355406;-0,254823727
ENSG00000167985;0,130883014;-1,633920761
ENSG00000256443;-0,247265058;-0,215137084
ENSG00000204922;-0,030007542;-0,109490205
ENSG00000184999;0,445560021;-0,77032868
ENSG00000167771;0,391172383;-3,042899667
ENSG00000110011;0,240966752;-1,72795333
ENSG00000068831;0,062706952;-0,354688187
ENSG00000126391;0,150373785;-0,826976443
ENSG00000173442;-0,344196152;-2,574275269
ENSG00000255468;-0,007552671;-0,016886339
ENSG00000174669;0,409251759;-2,659853785
ENSG00000238892;0,071045823;-0,105027743
ENSG00000175634;0,083274711;-0,508862073
ENSG00000132740;0,020692958;-0,123661808
ENSG00000162341;-0,094855412;-0,253131971
ENSG00000149716;0,18090485;-2,031805889
ENSG00000227726;-0,070379927;-0,123098352
ENSG00000224119;0,107529541;-0,099240685
ENSG00000214530;-0,036568408;-0,208629432
ENSG00000255136;0,041129652;-0,085742446
ENSG00000223013;0,797371242;-3,043771552
ENSG00000212030;-0,266170855;-0,549044825
ENSG00000178301;0,002354235;-0,024437676
ENSG00000254985;0,062580921;-0,412052298
ENSG00000087884;-0,139719681;-0,494384107
ENSG00000252494;0,391104459;-1,537184575
ENSG00000211997;0,210172146;-0,643495782
ENSG00000213305;-0,128791802;-0,442493019
ENSG00000215504;-0,016302333;-0,059705065
ENSG00000255929;-0,188705061;-0,511321582
ENSG00000223269;0,309308498;-1,795418949
ENSG00000165895;-0,203869537;-0,806290091
ENSG00000256422;0,037349842;-0,040655613
ENSG00000255403;-0,055330849;-0,232985388
ENSG00000200855;0,182206019;-0,712097939
ENSG00000086848;-0,005210511;-0,029789075
ENSG00000137720;-0,119239884;-0,705698134
ENSG00000166682;-0,397206257;-0,763056434
ENSG00000160613;0,00257925;-0,008215228
ENSG00000110274;-0,058656494;-0,254252273
ENSG00000172273;0,117092888;-0,653585509
ENSG00000166250;-0,079498847;-0,199615993
ENSG00000149564;-0,185365698;-0,535886825
ENSG00000222844;0,114989826;-0,297849574
ENSG00000064309;-0,176430834;-1,633998219
ENSG00000255358;0,399758871;-1,686776944
ENSG00000080854;0,416466601;-1,478892779
ENSG00000151503;0,003703728;-0,015585642
ENSG00000210164;0,88735133;-1,647016852
