GeneID,log2 FC,log10 p-value
ABCA7,1.156929531,-1.302506262
ABHD2,1.132869734,-1.305415387
ABHD3,1.431448032,-2.349083304
ABTB2,1.043056251,-2.612571089
AC002091.2,1.383219449,-1.332440273
AC002456.1,2.319308727,-1.522899528
AC002467.1,1.750329885,-2.894340421
AC004069.1,1.661574824,-3.241905729
AC004233.2,5.11792764,-1.40029778
AC004241.1,1.626661094,-1.415030237
AC004687.1,1.539617557,-4.359772157
AC004771.2,1.216660626,-1.458156284
AC004951.1,1.777978281,-3.483284062
AC004951.2,1.111540553,-1.44023635
AC005070.3,1.46249955,-2.743612112
AC005072.1,1.727611614,-2.288796508
AC005082.1,1.337393088,-1.477532196
AC005264.1,1.142166724,-1.71320119
AC005840.4,1.041192233,-1.895296104
AC005954.1,1.283432103,-1.573592875
AC006033.2,2.245281362,-2.174402815
AC006330.1,2.191743727,-5.335730776
AC006435.2,1.221200257,-1.765111869
AC006504.5,1.094360193,-2.224709085
AC006538.1,2.700355451,-3.157072937
AC007191.1,1.3965375,-2.008206867
AC007292.2,1.324490376,-2.220164424
AC007298.2,4.638714732,-1.698437895
AC007342.3,3.017182303,-1.622513401
AC007342.7,2.804403962,-1.762398872
AC007406.4,1.083323128,-1.875259618
AC007546.3,2.496791271,-1.414589988
AC007637.1,1.086141685,-1.419943695
AC007785.3,1.439423925,-1.43592279
AC007879.3,1.503215786,-1.54832806
AC008569.2,1.663904423,-1.716997264
AC008750.6,1.44061684,-1.424226788
AC008750.7,1.455127419,-1.586766025
AC008764.6,2.747432417,-1.533129179
AC008764.8,1.391537191,-2.269882644
AC008770.3,1.385518143,-1.596407485
AC008895.1,1.288487331,-1.40621392
AC008945.1,1.238575723,-1.432259148
AC008969.1,1.076241501,-2.029287358
AC009061.2,1.737184656,-2.336837361
AC009065.4,1.895623814,-3.64182537
AC009093.7,2.098322778,-2.680229543
AC009093.8,1.561323902,-1.763850217
AC009120.5,2.120899632,-4.133796187
AC009159.3,1.159024866,-1.466172089
AC009163.7,1.893965358,-1.478246625
AC009226.1,1.335415041,-1.949667076
AC009237.14,2.158399351,-3.130297561
AC009948.1,1.416254382,-1.722855204
AC009996.1,1.275063056,-1.419527301
AC010168.2,1.100968817,-2.444939215
AC010210.1,1.293419528,-2.112018153
AC010359.3,3.002688408,-1.569598223
AC010422.4,1.986196406,-1.792742262
AC010619.2,1.617275682,-5.526857791
AC010680.3,1.299823112,-1.524041067
AC011447.7,2.137378132,-1.320032193
AC011468.1,1.084532348,-2.557480555
AC011676.5,2.278416992,-1.471525107
AC011726.2,2.232699513,-1.453814981
AC011933.2,2.4048334,-1.420947936
AC011944.2,1.391991542,-1.583266668
AC012020.1,1.288701862,-2.266956708
AC012184.3,1.220605459,-2.492506675
AC012313.4,2.396454046,-1.850628293
AC012645.1,4.435495309,-1.55733891
AC012651.1,1.23367937,-3.084232729
AC013731.1,1.614813095,-2.093434673
AC015802.4,2.755580684,-1.691029191
AC015871.3,1.563128906,-2.56884772
AC015871.8,2.140112351,-1.602146727
AC016583.1,2.217533075,-3.647325586
AC016590.2,1.7512893,-2.528786761
AC017104.5,1.844942843,-1.408503619
AC017116.2,1.322280186,-1.586605646
AC018445.5,2.488321491,-1.679752621
AC018529.3,1.759692908,-1.994067895
AC018607.1,3.025427866,-1.33353574
AC018926.3,2.372090525,-1.408689802
AC019226.1,1.372480136,-1.794143789
AC020656.2,2.365857646,-1.755495131
AC020915.1,1.072754073,-1.406557706
AC020917.4,1.414662816,-2.640364468
AC020978.6,2.095495675,-1.893138696
AC021106.1,3.187390639,-1.650953632
AC021127.1,1.662572114,-2.30016602
AC021205.3,1.640496472,-2.127875789
AC021321.1,2.246030402,-2.553938083
AC021683.5,2.313428768,-2.486000024
AC022182.1,1.842925545,-1.590070681
AC022364.1,1.046583961,-1.802890275
AC022506.2,2.544968049,-1.33224813
AC022762.2,3.043766664,-2.772939101
AC022916.3,1.928990089,-2.11984046
AC023157.2,1.569930393,-1.412141013
AC023355.1,1.748277268,-3.127396845
AC023830.3,1.181479282,-1.61318625
AC023908.3,2.654754921,-2.318068595
AC024257.3,2.392029305,-1.330461837
AC024270.4,1.784746175,-1.447787043
AC024575.1,1.017679849,-1.564164201
AC025162.2,2.35060834,-2.382374851
AC025287.3,1.7385866,-1.784962055
AC026362.1,1.56379996,-1.664087019
AC026471.1,1.290743242,-1.340522778
AC027607.1,1.285719287,-2.161996226
AC027682.4,1.270105121,-1.468715085
AC027682.7,2.54917108,-1.480758465
AC035139.1,1.661177429,-1.472561347
AC040934.1,1.268369887,-2.000626143
AC055839.1,1.961060692,-2.790572826
AC060766.4,1.344043699,-1.400885088
AC060780.1,1.403581844,-3.826419684
AC063977.1,3.02699942,-1.759690029
AC063977.2,2.167226812,-2.167589678
AC068205.2,3.514922608,-1.517555854
AC068620.2,1.845194417,-1.403831256
AC068669.1,1.256043969,-1.58569385
AC069528.2,1.64498592,-1.713974981
AC073195.1,1.46642998,-3.754372438
AC073343.2,1.184571383,-2.759071629
AC073476.2,2.055374981,-3.78168257
AC073842.2,1.423292784,-1.505107646
AC079174.2,1.221944972,-1.452359918
AC079610.1,1.592849977,-3.385958194
AC079921.2,1.543039828,-1.778967698
AC080013.1,1.147912906,-2.53729335
AC084824.4,1.023902185,-2.81769799
AC087284.1,2.518436456,-1.37209946
AC087289.1,1.084898783,-1.894587096
AC087741.3,2.705648507,-3.984304153
AC090114.3,1.543973607,-2.357614858
AC091180.4,1.625414345,-1.33850648
AC091180.5,1.361857384,-1.934335128
AC091181.1,1.49699781,-1.780611528
AC092053.5,1.340659358,-1.676304216
AC092070.2,1.44214911,-1.6619163
AC092117.1,1.367191242,-2.044223767
AC092127.1,1.3674748,-3.021689839
AC092139.2,1.476556481,-1.357078252
AC092145.1,4.501472139,-1.54581689
AC092329.4,1.069139382,-1.43779752
AC092428.1,1.305007911,-2.567701541
AC092490.1,3.869317876,-4.418269451
AC092653.2,1.942203357,-3.174512072
AC092910.3,2.125897297,-1.558887982
AC093010.1,1.132795246,-2.552797083
AC093297.2,1.241098201,-2.74100766
AC093827.4,1.329248564,-1.854609259
AC097534.1,2.303647002,-1.351537199
AC099343.2,3.275119543,-1.640817723
AC099521.2,2.713732397,-1.508265646
AC099524.1,2.027285182,-1.593445202
AC099791.2,1.495918802,-1.69179551
AC103858.3,2.963048651,-2.242431314
AC104447.1,1.426928412,-1.469821837
AC104530.1,1.768648005,-2.040250825
AC105339.2,1.613124859,-2.43641686
AC106028.3,2.720914748,-1.970900373
AC106037.2,2.648939339,-2.585200836
AC106782.4,1.506921664,-2.269138167
AC108134.3,1.395744801,-2.554270078
AC108471.2,1.008005117,-1.362053382
AC108479.1,1.632321012,-1.659671829
AC108704.2,2.097169062,-3.432506374
AC110048.2,1.332911773,-1.629778376
AC112484.1,1.335762272,-1.462810163
AC112484.5,2.521038898,-1.304745325
AC112496.1,3.270897445,-2.502892772
AC116353.6,1.598981248,-1.836142704
AC118344.2,1.45825997,-2.062645286
AC120053.1,1.753882558,-4.675933572
AC120114.3,1.841160547,-3.091683307
AC124319.3,3.714978044,-1.802181942
AC127070.4,1.178257692,-1.446865514
AC127521.1,1.440882972,-1.344428317
AC129492.1,1.192559062,-2.317332327
AC130456.3,4.635675094,-2.118496507
AC131009.4,1.892341325,-2.188193158
AC132938.5,1.868417037,-3.324448562
AC137630.4,1.235893653,-1.675626244
AC138035.1,2.218724417,-1.805255432
AC139530.3,2.501372538,-1.309353672
AC145423.2,1.982581385,-1.445416229
AC211476.6,1.529742422,-1.940479201
AC215522.2,2.610989398,-1.652612928
AC231981.1,2.737879328,-1.338396577
AC244502.1,2.279779382,-2.846358516
ACSS3,3.831857412,-1.938657348
ACTN4P1,1.175870837,-1.382544759
ACTR3,1.017136235,-2.046955321
ADAM8,1.138599203,-1.362685666
ADAMTSL4-AS1,3.260739133,-1.316240288
ADGRG3,2.630064068,-1.358113382
ADIPOR1,1.286004928,-1.341954702
ADORA3,3.492592612,-2.66523969
ADRB2,1.596210251,-1.908348553
AL008729.1,1.643406973,-4.118241536
AL021707.3,1.20462533,-1.507827495
AL021707.6,1.557538153,-2.917222058
AL022316.1,2.89899578,-1.62257161
AL024498.1,1.072469638,-1.680991718
AL031123.1,1.763215536,-1.950478944
AL031283.1,1.259085035,-1.538141837
AL031432.4,3.343166228,-1.837419906
AL033528.2,1.11804923,-2.072127101
AL034417.4,1.303433415,-2.083122307
AL078581.1,1.439252998,-1.57126088
AL096865.1,1.348074967,-1.510824442
AL109741.1,1.1081793,-2.342942232
AL109809.4,2.697696537,-1.655940393
AL118508.2,1.447347849,-1.368352345
AL121753.1,1.565485126,-2.129524697
AL121845.3,2.78513226,-2.116801577
AL121890.4,1.499458475,-2.160588657
AL121933.2,1.396303707,-2.268833154
AL133215.1,1.629979848,-1.704647067
AL133243.4,1.443272556,-1.396585009
AL133367.1,1.34045836,-1.905620099
AL133371.2,1.510797117,-1.847665045
AL135818.1,2.038701363,-1.318961054
AL137003.1,1.092656248,-1.579895968
AL138895.1,1.581226065,-1.63795686
AL138963.1,2.024290979,-1.848939102
AL157392.3,1.48178085,-3.942455893
AL157871.5,1.878860006,-1.872727711
AL158212.2,1.325692741,-1.632234534
AL160272.1,1.973963231,-1.476320739
AL162377.3,2.465575212,-2.331419665
AL162431.1,1.054226388,-1.543425112
AL353708.3,2.477122576,-2.223888347
AL353759.1,1.691259872,-2.66141434
AL353804.1,1.22487139,-1.999183491
AL354696.2,1.356277529,-2.85862419
AL354718.1,1.545966194,-2.154696438
AL355076.3,1.795787165,-1.731394687
AL355297.3,1.065406996,-1.740615308
AL355816.1,2.191442798,-1.934820637
AL356356.1,1.011206614,-1.545681426
AL357033.3,1.134756989,-1.640129361
AL357079.3,1.619083459,-1.712199548
AL358472.2,1.414859637,-2.907818769
AL359762.3,2.195796281,-2.385784393
AL390066.1,1.226750338,-2.02652434
AL391903.1,1.200903163,-1.34239929
AL442125.1,2.369906255,-1.685082387
AL442128.2,2.430539225,-4.937342968
AL512306.3,1.183091719,-1.55930719
AL513320.1,3.651259336,-2.416515859
AL513534.1,1.145371049,-1.484531597
AL590326.1,1.979384978,-2.876223867
AL592078.1,2.958486496,-4.371906367
AL592295.6,1.146252328,-2.727520578
AL606760.2,1.307726132,-1.905303909
AL627309.5,2.537905434,-1.798685369
AL627309.6,1.802800833,-2.739490788
AL627309.7,1.709757686,-1.984043786
AL683842.1,1.738755523,-2.153344754
AL731563.3,2.088818218,-2.192831508
AL731569.1,1.926805912,-2.052730064
AL731577.2,1.413867163,-1.539223947
AL732372.2,1.946987616,-1.329655012
AL732509.1,1.539507913,-3.011151765
ALOX12P2,1.116308491,-2.022107194
ALOX15,7.345495964,-2.575446562
AMN1,1.30500098,-1.371814202
AMPD3,1.268369542,-3.049758863
AMT,2.015146116,-1.809376801
ANKRD44-IT1,2.116864241,-1.724894759
AOAH-IT1,2.336200508,-2.134843576
AOC2,3.779867759,-1.310365049
AOC3,4.613511011,-1.434862176
AP000346.1,1.005479973,-1.811026545
AP000347.1,1.040882696,-3.042932047
AP000640.1,1.730903126,-1.570249741
AP000692.1,2.684865373,-1.620157899
AP000763.3,2.081349293,-1.976685504
AP000769.1,1.205432955,-1.324779083
AP000845.1,1.998070286,-1.335474934
AP000873.1,1.913086582,-1.728705077
AP000926.2,1.207859645,-2.183142299
AP000977.1,1.690145783,-2.756068443
AP001273.1,2.000874439,-2.061908464
AP001453.3,1.174370906,-1.641882302
AP001469.3,1.703383812,-3.817063318
AP002381.2,4.981812709,-2.109559977
AP002907.1,4.317315832,-1.514224965
AP003108.2,1.55851233,-3.167766086
AP006621.2,2.339942228,-1.732708225
APAF1,1.474820554,-1.79436735
APOBEC3D,1.509117183,-2.497986929
APOL2,1.193786267,-1.46204547
ARAP3,2.647246788,-1.401983272
ARFIP1,1.711267609,-1.640261644
ARHGEF2-AS2,2.763615169,-2.715361064
ARMT1,1.437386628,-3.429082152
ARRDC3,1.719187386,-1.993406659
ARSG,1.162333497,-1.687743693
ATE1-AS1,1.884564133,-1.545495141
ATG16L2,1.92718801,-1.624892101
ATP2A1,1.121817524,-2.038967925
ATP7A,1.370654712,-2.491508887
AVIL,3.848756166,-1.311679403
B3GALT2,2.493743493,-1.7253536
BACE1-AS,1.289724187,-2.432930903
BACH1-IT1,1.328820933,-1.616838842
BAG6,1.332590149,-1.953692814
BAZ2B,1.39042749,-1.648702996
BBOF1,1.25620817,-1.492939011
BBS1,1.636452777,-1.726958465
BBS10,2.40955396,-2.258195241
BBS12,1.216801416,-1.951336381
BCDIN3D,1.10956401,-5.214837188
BCL2L1-AS1,1.571736215,-1.308504599
BCL6,1.429954847,-1.75100856
BEND7,2.802734486,-5.091494761
BEST1,2.547704987,-1.984736223
BOD1L1,1.054153945,-1.623924147
BORCS8,1.276601604,-3.002977202
BRCA1,1.685264101,-1.704151014
BRCA1P1,2.092362526,-2.175921917
BRD8,1.098758244,-3.908510703
BTBD10,1.26258759,-3.702888394
BTBD6P1,2.512498702,-3.116406512
BTLA,1.238833675,-2.165650045
BX640514.2,2.161611652,-2.695957353
C11orf54,1.411949941,-3.368182423
C11orf65,1.665987684,-3.594761835
C12orf60,1.813589816,-2.041071264
C15orf40,1.0585871,-4.028604177
C16orf54,1.43101321,-1.883658924
C17orf80,1.165227709,-2.279388151
C18orf32,1.275865871,-1.475628257
C18orf54,1.472938031,-1.743331793
C1orf220,2.010496822,-1.330123416
C5AR2,2.879271519,-1.345928195
C5orf34,1.340960292,-1.638643669
C5orf51,1.161769432,-2.817602554
C9orf139,1.742665653,-1.569781808
C9orf40,1.625968458,-1.33043741
C9orf64,1.411575227,-2.81207779
CA15P1,2.770361583,-5.931787097
CACNA1E,3.840125502,-1.605041866
CACNG8,2.608674096,-1.309572555
CALML4,2.559273941,-1.376484533
CAMTA1-DT,1.767594833,-3.141022647
CAPN10-DT,2.00969512,-1.860073917
CARD8,1.584114106,-2.131401788
CARD8-AS1,1.535286978,-3.216516886
CAT,1.610227797,-2.02114894
CCDC121,2.727595043,-1.815138885
CCDC125,2.14684665,-1.724677807
CCDC126,1.104468877,-2.130175363
CCDC142,1.209940883,-1.908347435
CCDC170,1.222309958,-2.968275655
CCDC62,1.63483685,-3.351957776
CCR5,1.259329925,-2.906315283
CD200R1,1.411957514,-1.766645886
CD274,1.198779458,-3.384106946
CD2BP2-DT,2.364153652,-1.552974796
CD46,1.719688152,-1.940543726
CDH26,1.006419441,-1.501078819
CDKN2B,1.316422163,-1.345577313
CEACAM1,3.18600851,-1.876837462
CEACAM3,4.431266551,-1.367166574
CEBPE,2.473606749,-2.958567895
CENPBD1,1.041052172,-1.440707498
CEP295NL,2.082361532,-2.570795011
CEP63,1.713423218,-1.344514958
CFAP58,3.012145826,-1.35144217
CHRNA10,1.466231104,-2.073610925
CHTF8,1.465451502,-1.568367535
CISH,1.530120445,-5.282482246
CKLF,2.047144936,-2.730924443
CLC,2.274360416,-1.365138251
CLDN12,1.594459165,-1.830563549
CNIH3,1.434790263,-4.724114433
CNR2,1.213886991,-1.920746433
CNTNAP3,4.439353587,-2.692892255
COL7A1,1.218167502,-1.541675412
CR786580.1,2.27559986,-1.748618046
CREB5,2.298507256,-1.363429322
CRLF3,1.115457,-2.574619262
CROCCP3,1.07834499,-2.822688426
CRTAM,1.202373815,-2.906216102
CSAD,1.07084828,-2.265731772
CSF1,1.878929662,-1.865724072
CSF3R,2.462990471,-1.366508865
CX3CR1,1.703249366,-1.542124001
CYP4F12,3.280848944,-4.705802985
CYP4F3,5.014461543,-1.442309496
DAPK2,3.379326583,-1.676706587
DBN1,1.049279825,-2.000312518
DCAF12,2.230967625,-1.324133826
DDIAS,1.76578385,-3.137988977
DENND2D,1.09762489,-2.513974776
DEPDC7,1.588260199,-2.401892614
DHDDS-AS1,1.134409347,-1.665496287
DHFR2,1.411852167,-2.606290983
DHTKD1,1.159794202,-1.455990092
DHX34,2.044643967,-1.390287139
DLEU2,1.566562187,-5.238743053
DMTN,1.310154388,-1.356569195
DNAJB4,1.067096296,-1.554921224
DNAJC3-DT,2.721178611,-1.881378896
DNASE1L2,1.827275776,-1.31713652
DOCK4,2.283877284,-1.320651895
DOCK5,1.865946281,-1.922591062
DOCK8-AS1,1.529998157,-3.628920581
DPEP2,1.418880496,-2.332135505
DPEP3,2.692292316,-1.43055359
DRAIC,3.779605189,-1.513847655
DTX3L,1.079230356,-1.789165751
DUSP18,1.388626251,-2.830102043
DUX4L50,2.11700562,-1.414356639
DYRK3,1.189024801,-1.774854017
EFCAB8,1.678050131,-3.220250386
EFNA3,1.237307099,-1.998729439
EIF4A2P1,1.332267344,-1.944481815
ELMOD2,1.076234445,-3.20165229
ELOVL5,1.229943532,-1.545212958
ENTPD1,1.405678406,-1.700387586
EPB42,2.015461446,-1.575461684
EPHB1,3.007858551,-1.346933448
EPN2,1.363786875,-3.873483381
ERI2,1.203383022,-1.30717737
ESPN,2.09926517,-2.449175578
EXOSC3,1.173143177,-2.851796154
FAM122A,1.003862594,-1.704171104
FAM126B,1.276912871,-1.96972162
FAM13A-AS1,1.026920083,-2.012317004
FAM157A,2.990271983,-1.482052879
FAM157B,2.673370618,-1.551153587
FAM157C,2.284103297,-4.146617695
FAM185BP,1.221079478,-1.618524294
FAM200B,1.371834397,-1.342461717
FAM43A,2.12243938,-2.511050605
FAM71F2,1.198953174,-1.300384652
FAM8A1,1.555612344,-1.401858954
FANCF,1.115480552,-2.267441742
FAR2,1.298389236,-1.643423354
FASLG,1.596211197,-2.637879335
FBXO48,1.334138285,-1.843261139
FCGR1B,1.605332978,-1.70767408
FCGR3B,5.389083624,-1.41940915
FCHO2,1.460505265,-2.083514877
FFAR2,2.759716847,-1.363988651
FGL2,1.350987002,-2.440515554
FHDC1,3.652369402,-1.361341517
FIGNL2,1.892569823,-1.372617315
FKBP8,1.765527587,-1.430479528
FLCN,1.138180245,-2.025725828
FLT3LG,1.181894899,-1.457550324
FPGT,1.079385583,-2.001551629
FRAT1,1.944341707,-1.401011498
FRRS1,1.240224547,-2.05659216
FRY,1.2461941,-1.508559325
GAB1,1.273082081,-2.329202291
GALNT14,2.912684364,-1.69942387
GALNT3,1.090349109,-1.713749486
GALNT7,1.230771516,-2.960905453
GAPT,2.083563162,-1.598027285
GATA1,2.413389478,-2.079327104
GBP1,1.246599054,-2.130177416
GEMIN6,1.001006399,-2.072348362
GHRL,2.350568986,-1.917584497
GIMAP1,1.076664652,-3.490190531
GIMAP4,1.340780081,-3.774763638
GIMAP8,1.530342847,-2.596236411
GIN1,1.819438089,-1.637312046
GK,2.086074394,-1.62594412
GMCL1,1.046994562,-1.557291905
GOLPH3L,1.290741907,-2.024134068
GPLD1,1.085966825,-2.127512692
GPR141,1.246823966,-2.211587423
GPR155,1.277150238,-3.294135096
GPR18,1.330991516,-1.765736817
GPR199P,1.348302705,-2.555556014
GPR25,1.259163699,-1.594748029
GPR34,2.013098,-1.507094466
GRAMD1C,3.611657442,-1.668629641
GSKIP,1.189003461,-1.561765675
GTF2E1,1.101284106,-1.62090414
GTSE1-DT,1.969960028,-2.661467937
GVQW3,1.079521089,-1.569491565
GYPE,1.122058619,-2.50382846
H2BC18,3.750170232,-5.768028923
H2BC19P,2.514841207,-4.39752804
H2BC20P,1.890835246,-2.465677118
H3-3A-DT,3.467260276,-1.344129745
HBA2,2.808178763,-1.938154842
HBB,3.758577183,-1.436104991
HBM,1.876369267,-1.647678118
HEATR5A,1.275439625,-2.844752863
HERC3,1.256096632,-2.255700023
HILPDA,1.039022967,-3.120925075
HMGB1P31,1.728018324,-1.637105472
HMGCR,1.191348965,-2.672086895
HNRNPH1P1,1.933927913,-3.032721603
HOMEZ,1.413477327,-2.076794435
HS3ST1,1.865173296,-2.962323759
HSDL2,1.618521546,-1.426408153
HSPA6,3.410203315,-1.396597867
HSPE1P18,1.212349564,-1.373982729
HVCN1,1.260575099,-1.36004803
IDO1,3.768006413,-1.609496158
IFIT5,1.071502301,-1.571592934
IGIP,1.444788524,-2.303921876
IL10RB,1.627437632,-1.46854213
IL1R2,2.850063218,-1.5140305
IL1RAP,1.601211845,-1.303126292
IL5RA,4.135687366,-1.478094211
INKA2,3.327621053,-1.394262004
IRAG1,3.232755819,-1.341374549
IRAG2,1.314542164,-2.92938369
IRF2,1.536720138,-1.343890161
ISL2,2.888344594,-1.343990688
ITGAD,1.624237378,-1.717681341
ITPKB-IT1,1.939347187,-1.588496193
JAML,1.733973484,-1.454655315
JPX,1.010921643,-2.15979938
JRK,1.154490963,-2.536049846
JRKL,1.210758391,-1.434405326
KBTBD6,2.142946001,-1.860930395
KBTBD7,2.622041085,-2.221810168
KCNE1,1.842221371,-1.692910175
KCNJ2,2.504656851,-2.00310083
KHDRBS3,2.056878927,-2.243094354
KIAA0319,3.949489124,-1.698908008
KIAA1614-AS1,1.365103274,-2.100724863
KIAA1841,1.023880054,-1.547765184
KIF27,1.937795284,-1.457952552
KLF1,1.92518246,-1.537060116
KLRK1,1.298027181,-2.440897376
KNOP1,1.105101844,-1.659670719
KRCC1,1.486985272,-3.652307784
KRT8P12,1.546623318,-2.671911158
LACTB2,1.119180739,-1.871241564
LAX1,1.026820974,-1.860296071
LBR,1.497549181,-1.336116209
LCMT2,1.151521155,-2.172594945
LETM2,1.903464777,-1.829767174
LFNG,1.157812222,-1.921690143
LGALS8-AS1,1.287642187,-1.334317676
LILRB3,1.322897518,-1.565994288
LIMA1,1.163967726,-1.648223659
LIMD1-AS1,1.776545154,-3.182188102
LIME1,1.058123948,-3.080623207
LINC00324,1.045460297,-2.282214617
LINC00638,1.706136179,-2.781080131
LINC00659,1.407391085,-2.073254573
LINC00861,1.194989567,-2.260419388
LINC00896,1.794382979,-2.024845942
LINC00899,1.178223598,-2.277467332
LINC00910,1.30313267,-1.350844007
LINC00921,2.102332786,-5.636572819
LINC01002,2.013211394,-1.713994934
LINC01004,1.260875537,-1.452712749
LINC01232,1.474806448,-3.456987252
LINC01359,3.867252021,-1.305422487
LINC01410,1.966219911,-1.413245987
LINC01513,2.746513677,-4.047096305
LINC01801,1.279246389,-1.845627713
LINC01814,2.915834264,-4.944823394
LINC01819,1.314492801,-1.469880994
LINC02062,1.063569089,-2.063342946
LINC02158,2.672615473,-1.649106697
LINC02649,1.848332669,-1.585480999
LINC02656,1.463355164,-2.050192997
LINC02680,2.484365142,-1.36682845
LINC02724,1.035278395,-1.696053053
LINC02846,1.009796691,-1.74651267
LINC02863,5.089456286,-3.058148031
LIPN,1.287163608,-1.784012392
LPAR5,1.414929478,-3.166809209
LPGAT1,1.039941723,-1.30987552
LPL,1.881897798,-1.583005527
LRIF1,2.145130725,-3.400687192
LRRC61,1.27352078,-1.987507926
LRRK2-DT,3.001939193,-2.891179106
LRRN1,2.284121678,-1.617121511
LRWD1,1.575188493,-1.671476424
LUCAT1,4.940449649,-1.493278342
LUNAR1,3.972635078,-1.87677635
LYST,1.076312717,-1.799134445
MAK,2.741465593,-1.824929225
MAP1LC3A,1.249398695,-1.500548634
MAP7,2.654034536,-1.37301514
MARCHF7,1.161926326,-2.093535267
MBD6,1.216243279,-1.604938675
MCM3AP-AS1,1.198578242,-1.832414288
MED20,1.010336655,-2.484258489
MED25,1.065004955,-1.346325392
MED31,1.287172845,-4.145354928
MEF2C-AS1,1.234291094,-1.616770516
MFAP1,1.167005913,-3.004956092
MFAP3,1.133315386,-3.197846218
MFSD4B,1.308503741,-2.411902623
MGAM,4.190185038,-1.423664318
MGC16275,1.006990374,-1.449472018
MGME1,1.011866809,-2.352680489
MIR223HG,3.318807389,-6.337960927
MIR29B2CHG,2.34795955,-3.197742259
MIR3174,2.635626189,-2.664966049
MIR3176,1.881754978,-1.653030481
MIR320E,2.124349236,-1.331272525
MIR342,1.767740836,-1.685198895
MIR3605,2.682084498,-3.196358494
MIR3609,2.150051165,-2.407920398
MIR4518,2.588702568,-3.669235909
MIR6753,1.4826769,-1.946649922
MIR6813,2.122084639,-3.995695882
MIR6819,1.253203407,-1.972220317
MIR7848,1.263065616,-2.355425217
MIRLET7BHG,2.438292421,-1.957884034
MLYCD,1.002562699,-3.384273932
MMACHC,2.106335953,-2.929606759
MOCS3,1.375449276,-3.869683283
MOSPD2,2.135946563,-1.314909706
MPZ,1.499506788,-3.952952934
MTFMT,1.147606839,-1.379147643
MTG2,1.138709278,-1.914172774
MTMR10,2.254225375,-3.707762558
MYBPC3,1.31280588,-1.388544855
MYL4,3.514467487,-4.499043091
N6AMT1,1.041413557,-1.97045856
NABP1,2.646832728,-2.151311576
NALT1,1.057857906,-2.585428256
NAT1,1.156439041,-3.469792945
NBPF1,1.046583435,-1.680004877
NBPF19,1.885622805,-2.966370606
NCF1,1.997851533,-1.427249221
NCF1B,2.100029963,-2.074437881
NCK1-DT,1.033720775,-1.641081495
NECAB2,3.711850281,-1.436664515
NFE2,2.334825254,-1.353163253
NHLRC4,1.099548158,-2.015483989
NHS,1.16982618,-1.307667841
NHSL2,2.001830903,-1.774138596
NIFK-AS1,1.271488214,-1.819549772
NLRC4,1.451574158,-1.827653939
NOTCH1,1.133897156,-1.411867947
NPB,1.745910617,-1.734482758
NT5C2,1.147709088,-1.810554774
NUAK2,1.471736756,-1.400643449
NUDT7,1.452943309,-1.33478407
OLFM2,2.34061335,-1.85067002
OLIG1,1.330191634,-3.032655325
OMA1,1.027407119,-1.959220497
OR52K1,3.088977532,-4.249368395
OR52K3P,1.666826722,-4.515142953
ORAI3,1.064387748,-1.331979682
OSER1-DT,1.251641347,-1.775962361
P2RX6,1.537241432,-1.606459482
P2RY13,2.67451997,-1.480293399
P2RY14,2.121434829,-4.485578019
PADI2,1.509635805,-2.018280896
PAGE2B,2.541350081,-2.781340102
PAN3-AS1,2.009568769,-3.386461553
PANK2-AS1,1.657667409,-2.257007443
PAQR8,1.740057832,-2.131465355
PARS2,2.314238189,-4.313518505
PDE4DIPP6,1.335730521,-1.35061157
PDLIM1P4,2.068288778,-2.537380401
PDZD3,1.586891412,-1.431150512
PEX11A,1.332156443,-2.375442809
PEX12,1.843504799,-1.58233957
PGAM1P8,1.176079743,-1.775120955
PGBD2,1.364262575,-1.415144461
PGM2,1.527992131,-1.451167216
PHF23,1.234266747,-1.437625533
PHOSPHO1,3.942657735,-1.581896601
PIGM,1.208795035,-2.366902491
PIGV,1.316593609,-3.577149904
PIK3R6,1.240960129,-2.660023515
PISD,1.717680234,-1.377589663
PKN2,1.219734066,-2.289994243
PLA2G4A,1.165599313,-3.059433254
PLBD1-AS1,1.489157084,-1.498181388
PLEKHG3,1.723268338,-2.19635553
POP1,1.297669268,-2.635433232
PPCDC,1.393730396,-2.36230165
PPIAP29,2.39357702,-1.843415838
PPIAP4,1.686626007,-2.968813636
PPM1F,1.159560445,-1.584149239
PPP1R3D,1.825764127,-1.577601239
PREPL,1.11996736,-1.54204776
PRKAR1A,1.039654323,-1.509467241
PROCA1,1.05947202,-2.784109223
PRSS33,5.312454158,-2.216585062
PSMA8,1.368164017,-1.962676279
PTGDR2,2.160817956,-5.278363682
PTPRN2,1.310000005,-1.505886461
RAB24,1.15684436,-4.458357364
RAB30-DT,1.507339113,-2.27312234
RAB33B,1.578072447,-1.338148745
RAB36,1.855630703,-1.504121926
RAD9B,1.353151575,-1.828256124
RBBP5,1.235238704,-3.313324981
RBM12B,1.254410993,-1.588929254
RCBTB2,1.175978117,-1.690596362
RCN3,1.609813253,-1.360608472
RERE-AS1,2.222823177,-1.802799783
RGL3,3.229175126,-1.508823315
RIMBP3,2.42246298,-2.136387272
RMI1,1.823794264,-1.611528391
RN7SL172P,1.684246986,-1.587339404
RN7SL535P,2.173307221,-2.626336336
RNASEL,2.468813314,-1.802207021
RNF157-AS1,1.231071292,-1.75402111
RNY1,1.734144493,-1.578960352
RPGR,1.166765739,-2.608933998
RPGRIP1,2.48315741,-1.816610665
RPL32P3,1.182564328,-1.51861458
RPL4P7,2.181575239,-1.55486522
RPS12P26,1.848378936,-1.40938589
RPS12P27,1.988032675,-1.893001044
RPS6KA5,1.441646608,-3.549288889
RSAD2,1.271071613,-1.764690422
RSRP1,1.074152756,-3.161054798
SAMD9,1.248487073,-2.793178595
SAMD9L,1.117619664,-2.229423223
SAP30L-AS1,2.44906543,-2.026600801
SATB2-AS1,1.879508739,-1.801996328
SCARNA9,2.009540125,-1.79324235
SIRPB2,1.609585965,-1.424106159
SIRT4,1.655900225,-1.800469573
SLC15A4,1.196437635,-1.332415668
SLC16A13,1.670227279,-2.920835189
SLC25A37,2.892188059,-2.68112179
SLC25A39,1.470718883,-1.623725145
SLC29A1,1.269027383,-2.035423086
SLC35A5,1.285079632,-3.342355144
SLC35B3,1.099342493,-1.9964365
SLC35E3,1.090732302,-2.28974238
SLC45A4,2.849275483,-1.350961767
SLC6A8,1.885627943,-2.777688888
SLC7A9,1.696679179,-1.430515274
SLC9A3,1.482180955,-2.331995915
SLCO4C1,1.464606693,-1.703535826
SLFNL1,1.294936368,-1.881302753
SMPD3,1.532332676,-2.402192898
SMPDL3B,1.543215927,-1.700448824
SNAI3-AS1,1.272924184,-2.019204366
SNAPC3,1.154650226,-2.489310542
SNHG22,3.377449863,-1.794880292
SNORA77,2.240009909,-2.352200835
SNORD17,1.314894503,-1.449146931
SORD,1.227038701,-1.41502538
SORL1,1.369616501,-1.417962655
SP110,1.118153963,-1.470845119
SPACA6,1.969500799,-1.704604858
SPAG1,1.179964051,-2.684743905
SPATA25,1.63965619,-1.873427684
SRPK2,1.064017512,-1.312407918
ST20,3.352440752,-1.317652304
ST20-MTHFS,2.509654439,-1.743486811
ST6GALNAC4P1,1.137566951,-2.332928192
STAM2,1.110944329,-3.441936964
STEAP4,3.711507124,-1.844068249
STK38L,1.076939392,-2.237954304
STX7,1.319606379,-3.744707124
SUPT20H,1.036333027,-3.170264711
SUV39H2-DT,1.032079368,-1.445943305
TAGAP,1.463792322,-1.656549003
TASL,1.499090408,-1.421302228
TCEANC2,1.280058222,-2.56680405
TCP11L2,1.291355553,-1.915142962
TDP2,1.285514699,-1.344248191
THAP5,1.303563331,-2.584660568
THBS4,2.229604438,-4.234142107
THNSL1,1.453368654,-1.809843306
TIAF1,1.081136398,-4.061312875
TIAM2,1.489443147,-1.710828887
TIFAB,1.511043464,-2.199515345
TIGD3,3.203191515,-1.725200442
TIGD7,1.441924093,-2.316349183
TIRAP,1.084206628,-1.315296367
TLR1,1.59388391,-1.371414324
TLR10,2.446899072,-3.928830833
TLR3,1.102507566,-1.887522967
TLR6,2.382584795,-1.383641895
TLR8,1.672533106,-1.512101559
TMBIM4,1.266728825,-3.59462141
TMED2-DT,1.016466111,-2.465563412
TMEM169,2.199354013,-3.381770247
TMEM234,1.168182966,-3.108008564
TMEM250,1.001849825,-1.845974428
TMEM273,1.564044679,-1.599589807
TMEM60,1.437198555,-2.169705078
TMEM71,1.36110184,-1.984819434
TMEM79,1.243322494,-2.489038422
TMOD1,1.521937615,-1.824466247
TMOD4,1.531362564,-2.336200655
TNFAIP1,1.005680309,-2.946687394
TNFAIP8L2,1.891114616,-2.493202698
TNFSF10,1.718871568,-1.584533621
TNFSF15,1.277126095,-1.403045256
TNS1,1.309054897,-1.753867327
TOB1-AS1,1.368989968,-1.838572635
TOPORS,1.444424543,-2.203677602
TOR1AIP1,1.137825803,-1.96905882
TPTEP2,2.482089511,-2.557953063
TRAJ18,2.189868965,-3.14965616
TRAJ25,2.757837263,-1.368813773
TRAJ33,2.534414814,-1.990580201
TRAJ35,1.68630629,-2.985359049
TRAJ36,1.298523025,-1.967704543
TRAJ37,1.891577742,-2.979470978
TRAJ42,2.607332413,-1.42055534
TRAJ9,1.375657691,-2.906441806
TRANK1,1.383818769,-1.384060169
TRAPPC5,1.639348646,-1.972087858
TRAV22,1.393689256,-1.43935965
TRBJ1-4,1.860601292,-2.847270263
TRDJ3,1.158344137,-1.490801579
TRGV2,2.531864944,-2.067892393
TRGV3,1.061864398,-1.420451056
TRGV8,1.234354399,-1.659202198
TRIM21,1.605710698,-1.783332999
TRIM25,1.222425361,-1.409690572
TRIM56,1.049010924,-3.561605099
TRMT1L,1.596642201,-3.1526119
TRPM6,3.70534987,-1.437002905
TSNAX,1.071269892,-4.039466663
TSPAN2,1.737085698,-1.830878205
TSPAN5,1.317607895,-1.327533901
TTC30B,1.430993452,-2.692548026
TUBD1,1.060491073,-2.730308392
TUT7,1.415639435,-1.342570981
UBE2T,1.062642574,-1.429739533
UBLCP1,1.019072885,-3.241054255
UBR5-AS1,2.246595577,-1.893243646
UEVLD,1.201391785,-2.523334939
UFSP1,1.570017359,-2.01628694
UGT8,1.404158835,-3.032491965
UTP6,1.048907851,-3.332850813
VLDLR,2.067257404,-1.775034747
VNN1,1.201630639,-1.803240817
VNN3,2.718145875,-1.317770302
VPS41,1.079422179,-1.935368816
VPS4B,1.260693747,-1.701842236
WBP2NL,1.004382847,-1.412492239
WDCP,1.217533409,-2.773509212
WDR5B,1.40148236,-2.123834964
XCL2,1.093293337,-1.443207179
XKR8,1.263942999,-1.651447695
XPC-AS1,4.234397577,-1.484807345
YIPF4,1.607716501,-3.23273121
Z92544.1,2.013236167,-1.696961537
Z94721.1,2.188502593,-1.824290799
Z97192.2,1.282549023,-1.313534053
Z97832.2,1.654697499,-2.061889536
ZBTB18,1.065223119,-1.87208923
ZBTB3,1.302685511,-2.796737204
ZBTB34,1.31626249,-1.424213822
ZBTB6,1.048454426,-1.620068882
ZC3H10,1.14175625,-2.594133889
ZEB1-AS1,1.431196243,-2.063731155
ZFP3,1.231254561,-2.078269411
ZFYVE16,1.593318936,-2.782535357
ZKSCAN2-DT,1.186990541,-2.23099181
ZKSCAN4,1.255875294,-2.933612097
ZNF137P,1.95297856,-2.275286599
ZNF140,1.117767093,-4.23813563
ZNF157,1.943748596,-2.31542493
ZNF17,1.107826949,-1.763010657
ZNF189,1.052682105,-2.730920551
ZNF2,1.867676094,-3.43897876
ZNF20,2.079609234,-1.464436081
ZNF200,1.991592055,-1.944280376
ZNF217,1.324708613,-1.627098128
ZNF22-AS1,1.098786264,-2.028309581
ZNF225,1.55109661,-1.330296003
ZNF230,1.794238393,-1.484410982
ZNF232,1.229371307,-2.423311784
ZNF234,1.339727273,-2.853340997
ZNF239,1.652886899,-4.941659064
ZNF252P-AS1,2.908210168,-1.536550031
ZNF28,1.213278875,-1.966035703
ZNF322,1.628967295,-3.123417557
ZNF347,1.191950685,-2.119942399
ZNF391,1.403992369,-1.311583539
ZNF397,1.829762147,-3.90494182
ZNF404,1.401543457,-1.746588575
ZNF425,1.258501535,-2.553145469
ZNF443,2.378802339,-4.87697944
ZNF470,1.239668648,-2.504289657
ZNF485,1.430594106,-3.040732307
ZNF540,1.0070337,-1.432464297
ZNF547,1.773196778,-1.467776467
ZNF564,1.011435473,-1.377341313
ZNF572,1.989472384,-1.791090763
ZNF585B,1.112206405,-2.587066553
ZNF587,1.178970572,-1.833599274
ZNF613,1.569643121,-2.164923373
ZNF616,1.283101026,-1.418939761
ZNF626,2.127920437,-1.500308632
ZNF641,1.129382046,-3.90882323
ZNF646,1.213241361,-1.81504848
ZNF665,1.11379213,-1.8339061
ZNF674,1.879621604,-1.391658707
ZNF691,1.169820506,-1.928165903
ZNF696,1.167125269,-2.846112002
ZNF70,1.057615568,-1.418222207
ZNF701,1.365054772,-3.599590915
ZNF724,1.487909035,-1.420540767
ZNF737,1.52324137,-3.612228476
ZNF785,1.32008084,-3.716000352
ZNF816,1.535469107,-2.880783091
ZNF823,1.01679954,-2.301446839
ZNF879,1.80226502,-2.267629031
ZNNT1,1.548438203,-2.760119941
ZNRD2-AS1,1.412630525,-1.692816744
ZSWIM3,2.000982803,-2.029702254
A2M,-1.355089297,-1.53716936
ABL1,-1.03513933,-2.219718583
AC000089.1,-1.706089587,-1.668462883
AC002059.1,-1.669180208,-1.338293557
AC002075.2,-2.729377392,-2.110916466
AC003102.1,-1.02003124,-1.731231162
AC004130.2,-2.903378727,-1.415042205
AC004877.1,-1.025381192,-1.393845295
AC004938.2,-1.333062405,-2.450463567
AC005912.1,-2.040918638,-1.675886243
AC006042.2,-1.19879127,-2.336502655
AC006064.4,-1.602755972,-1.38610663
AC006077.2,-1.616029136,-1.375499577
AC006978.1,-1.518375334,-1.577586877
AC008038.1,-1.513367831,-2.174445502
AC008694.2,-3.574226716,-2.406804505
AC009812.1,-1.769259573,-3.457592483
AC009831.3,-2.054605715,-1.867700884
AC010343.1,-1.177492183,-1.407287653
AC010642.2,-1.062760449,-1.671157955
AC011379.2,-1.26193119,-1.493250829
AC012005.1,-2.147112542,-1.346424576
AC012615.1,-1.229417859,-1.345474503
AC016739.1,-1.423038559,-2.432444467
AC018450.1,-1.627458021,-1.536053003
AC018475.1,-3.463447313,-1.330218537
AC018690.1,-3.483342058,-2.384284048
AC020663.3,-1.775260144,-1.570639236
AC020765.2,-1.380770191,-1.331909348
AC020910.5,-1.702962565,-1.384548114
AC021148.2,-2.173309472,-1.77639375
AC022400.6,-1.342511791,-1.801140182
AC024084.1,-1.634968274,-1.36136682
AC024293.1,-2.135407237,-1.397890224
AC025181.2,-1.202256353,-2.103978769
AC025594.2,-2.562450676,-1.559625378
AC026124.2,-2.900018472,-1.583792862
AC026403.1,-3.240628745,-1.616002112
AC026979.2,-2.343458532,-1.494776441
AC034236.1,-3.045437534,-1.807647931
AC040169.1,-1.682014878,-1.485751628
AC044787.1,-1.713707094,-2.130093965
AC044849.1,-4.873173498,-1.777264262
AC064799.1,-1.792796096,-1.461607016
AC068722.2,-3.958902352,-1.334603733
AC073534.2,-1.262737117,-1.651627133
AC073575.2,-1.588050286,-1.910047713
AC073861.1,-3.116848222,-1.670917995
AC078817.1,-2.017270913,-1.52917778
AC079148.1,-2.188933559,-2.128828926
AC079250.1,-1.831648389,-1.854494158
AC079922.1,-2.498189429,-1.348047777
AC090181.2,-2.075589788,-1.590200016
AC090204.1,-1.252825145,-2.269120921
AC090948.1,-1.557248961,-1.668516706
AC092535.2,-1.214315399,-2.394740681
AC092718.6,-1.845510862,-1.589495543
AC092821.3,-1.013766975,-1.433612341
AC093591.1,-1.527741937,-2.227042337
AC093928.1,-1.201423694,-1.341379246
AC095055.1,-4.512797692,-1.424618944
AC099336.2,-2.235285634,-1.544232688
AC099560.2,-1.06684776,-1.304486825
AC100827.2,-1.291152038,-1.482271723
AC100830.1,-2.439477659,-1.438285875
AC104109.4,-1.832781744,-1.714760962
AC104563.1,-1.872923735,-1.963539526
AC104619.3,-1.378460259,-1.301202345
AC104806.2,-1.417475744,-1.946449314
AC105052.4,-1.313788529,-1.960536071
AC107983.1,-1.878930661,-1.661126971
AC108448.2,-2.867934704,-2.432540645
AC108673.2,-2.04595484,-1.440828616
AC113935.1,-1.674460264,-1.688729414
AC114490.2,-1.02914216,-1.890541717
AC114728.1,-1.640432683,-1.94095133
AC116533.1,-2.222812056,-2.033084907
AC118658.1,-3.224615287,-1.522584618
AC131235.1,-2.097903572,-1.66375128
AC132872.2,-2.981645324,-2.46135396
AC132872.4,-2.727867129,-1.433658436
AC133134.1,-2.326589448,-2.029980216
AC134312.3,-1.686113297,-1.644621321
AC134682.1,-1.945838066,-1.336402122
AC134772.1,-1.973944474,-1.43954597
AC135048.4,-2.389156697,-1.329715533
AC135721.1,-1.051551657,-1.516860319
AC136475.2,-1.540480769,-1.635033721
AC137630.3,-4.173048413,-1.689473729
AC139530.1,-1.366428616,-1.401877861
AC241585.2,-1.350942303,-1.372314812
AC245297.1,-2.100376085,-1.890375299
AC254813.1,-1.349737769,-1.367026338
ACE,-1.136838547,-1.679454384
ACER1,-1.352677141,-1.67336605
ACOT7,-1.258139381,-2.052828506
ACTG1P3,-2.513798637,-2.80168427
ACVR2A,-1.03487572,-1.37970224
ADAM15,-1.000532145,-2.282847293
ADAMTSL5,-1.142921906,-1.539248686
ADGRA2,-1.332679754,-2.423100769
AEN,-1.001002538,-2.163184088
AF111169.3,-2.566874681,-2.393407232
AGAP3,-1.121015559,-2.445561446
AGPAT4,-1.170402945,-2.301896112
AHNAK,-1.008717217,-1.822580041
AL031848.2,-2.68231372,-1.385766707
AL033519.3,-3.358095038,-1.663524362
AL034379.1,-2.628775906,-3.219241151
AL049873.1,-1.795449767,-1.708186842
AL080243.1,-1.808148274,-2.145508311
AL121929.2,-1.75103638,-1.63817083
AL132989.1,-1.174044144,-1.797566806
AL133243.3,-1.761598705,-1.482558322
AL133330.1,-1.063764859,-1.429950461
AL133415.1,-2.680572922,-1.840634026
AL138785.1,-3.0594591,-1.833343624
AL138963.3,-1.173297161,-1.466999562
AL139095.2,-2.310413762,-2.326447713
AL139317.5,-1.640471663,-1.31349826
AL139421.1,-1.931898058,-1.621588243
AL157392.4,-2.153762489,-1.827820783
AL160408.2,-2.501175808,-3.750459558
AL161787.1,-3.246266423,-1.852103937
AL162430.1,-2.05538494,-2.254645676
AL353147.1,-3.08158595,-1.789038159
AL354694.1,-1.497971285,-1.851673879
AL355032.1,-1.61743951,-1.753248294
AL355802.3,-2.238709288,-2.692263521
AL360270.1,-2.317708435,-1.615757595
AL391988.1,-2.146082641,-1.928368118
AL512603.2,-2.761463318,-1.614534308
AL589843.2,-1.330748948,-2.100624302
AL590822.3,-1.996219487,-1.524301035
AL590867.2,-1.621131804,-1.85321578
AL592148.3,-1.387509762,-2.024547661
AL592211.1,-1.65917966,-1.628836479
AL691432.2,-1.576450233,-1.935959692
AL928654.3,-2.264109726,-1.411822736
ALDH2,-1.068576247,-1.897719246
ANKRD37,-1.077472748,-2.281480451
ANXA2P2,-1.45358814,-1.958375079
AP001094.2,-2.520988623,-1.302480214
AP001453.2,-1.598316999,-1.316564466
AP002387.1,-1.709607663,-1.565503649
AP002414.4,-1.865934473,-2.74281348
AP003352.1,-1.705313499,-2.467190526
AP003557.2,-1.61452953,-1.755381676
AP003717.1,-1.399206322,-3.271296771
AP006621.1,-1.465313027,-1.756328995
AP006623.1,-3.052129628,-1.6810564
APOE,-2.632036431,-1.362624372
APP,-1.033422241,-1.935277622
ARHGAP21,-1.222397231,-2.233951159
ARHGAP31,-1.04096104,-1.909586901
ARHGDIA,-1.027852315,-1.485217314
ARMC12,-1.38265897,-1.67613035
ARNILA,-1.622115499,-1.878934038
ASIC3,-1.153740728,-1.442084996
ATF4,-1.186303171,-1.856729448
ATP2A2,-1.166856306,-2.001752532
AURKC,-1.057511155,-1.442388955
AVPI1,-2.691401669,-1.941192503
AXL,-2.251330444,-2.857672129
B3GNT7,-3.14994874,-1.662680432
BCAS1,-1.475576208,-1.82815605
BEX1,-2.33021496,-1.943156526
BNIP1,-1.11691154,-1.74125797
BTG3,-1.937534304,-1.336912062
BZW1P2,-1.056388858,-1.803239925
C19orf48,-1.145144249,-1.508623533
C1QA,-2.148323171,-1.530652238
C1QC,-2.930645531,-1.501482162
C4orf48,-1.436426224,-1.465316466
C5orf66,-2.317180886,-1.931445642
C6orf226,-1.026821688,-1.419706597
CACNA1I,-1.149619532,-1.615814841
CACNA2D2,-1.098048712,-1.391900754
CAMTA1,-1.111681028,-2.290670538
CAPNS1,-1.581120434,-2.849064608
CAVIN3,-1.963832599,-2.929393661
CCDC59,-1.222463078,-2.048723338
CCNE1,-1.645991854,-1.516446055
CCT6B,-1.574644377,-1.6850285
CD14,-1.619709583,-2.288566192
CD151,-1.187288112,-1.555489302
CD300E,-1.615875127,-1.587687446
CD68,-1.319371814,-1.330520172
CD69,-2.672789792,-1.397243681
CDC42BPA,-1.039933627,-1.340590445
CDC42BPB,-1.118371104,-1.911982597
CDH5,-1.333056493,-1.73391989
CENPP,-1.61720022,-2.445088432
CENPW,-1.349453696,-1.526459151
CERCAM,-1.392519039,-1.624556746
CERNA1,-1.590994738,-3.278986513
CEROX1,-1.884741114,-1.345072151
CES1,-1.463958952,-1.758207427
CFAP20DC,-1.288827356,-1.800140205
CHASERR,-1.148708534,-1.695678159
CIB2,-1.172198927,-1.450305039
CIBAR1,-2.096335417,-2.444646678
CKB,-1.510774289,-1.413109298
CLEC11A,-1.248049996,-2.088103617
CLIP2,-1.130520943,-3.331664715
CLMN,-1.017791626,-1.463535752
CNBD2,-1.597111831,-2.248368902
COA6-AS1,-1.67758185,-1.550648008
COL23A1,-1.657286871,-1.77867154
COX7A2,-1.02124724,-1.576741575
CREM,-2.719401199,-1.368335348
CST3,-1.280346954,-1.823852522
CTLA4,-1.53217151,-1.794998324
CTSF,-1.189936699,-1.640812072
CTSK,-1.212672882,-2.149739549
CXCR4,-1.63756186,-2.017235319
CYP2S1,-1.100494425,-1.9198776
CYP46A1,-1.336840493,-1.351793354
CYP4F22,-1.343289929,-1.520004238
DACT3,-1.928900867,-1.391840233
DAZAP2P1,-1.961615447,-2.061704474
DCTN6,-1.598430379,-1.846806695
DDIT4,-2.250482075,-1.404183252
DDX39A,-1.073559549,-1.470714495
DDX47,-1.529858496,-1.611815349
DENND6B,-1.033160436,-1.693888644
DGCR6L,-1.031462319,-1.52917782
DHCR7,-1.406626224,-3.171023424
DNAJB1,-1.175191057,-2.924244981
DNAJC2,-1.096513184,-1.927561042
DNTTIP2,-1.04242831,-1.779309146
DOCK1,-2.357509564,-1.819141766
DUS3L,-1.008962587,-2.181756511
DUS4L-BCAP29,-1.460361022,-1.909875854
DUSP2,-4.029341317,-1.393058627
DUSP4,-4.565668651,-1.766559153
DUSP5,-1.919242188,-1.520995136
EEF1A1P11,-1.78607243,-2.433474209
EEF1A1P12,-1.376375579,-2.376232472
EEF1A1P13,-1.328533669,-1.994962101
EEF1A1P5,-1.198434705,-2.700963596
EEF1A1P6,-1.623118027,-2.926134416
EEF1A1P7,-1.986610557,-1.402192298
EEF1A1P9,-2.182572283,-2.438881233
EEF1B2P3,-1.66135186,-1.591258821
EIF1,-1.534138242,-2.052974231
EIF3CL,-2.102457884,-1.68666539
EIF4A1,-1.802571112,-2.082105846
EIF4A1P10,-1.794205122,-2.182273386
EIF4EBP1,-1.221961796,-1.752054049
EIF5AL1,-1.667870111,-1.560792287
EMILIN2,-1.308198149,-1.991232687
EMP1,-2.175672295,-1.972478827
ENC1,-2.240605159,-1.777473145
ENG,-1.390109171,-1.882053218
ENKUR,-1.22663087,-1.510210394
EPB41L3,-1.426069141,-1.637258457
EPB41L4A-AS1,-1.444429068,-2.835347986
EPHB2,-1.381222222,-1.322740146
EPHX1,-1.369720244,-1.338860851
ERI3,-1.065333697,-1.723388438
EXOSC6,-1.062824786,-2.447278728
EXT1,-1.018191994,-1.716897463
EZHIP,-1.643059258,-1.567145414
EZR,-1.193686359,-2.290882626
FAM238A,-1.561594622,-1.710130706
FAM95C,-1.493336738,-1.788028967
FASN,-1.042871613,-1.35075019
FAUP1,-1.961702859,-2.088540803
FBN2,-1.039733995,-1.395625265
FBP1,-1.033092353,-2.70073854
FBXO32,-1.267058725,-2.178826009
FGF9,-1.090740803,-1.386263126
FGFRL1,-1.011327326,-1.392565363
FHIT,-1.006019284,-1.914900825
FKBP1C,-1.016887477,-2.245584599
FLJ31104,-1.328493361,-2.818147379
FLNA,-1.147738238,-4.011674859
FO393411.1,-1.550724598,-1.641797741
FTH1P11,-1.404456197,-1.325811404
FTH1P20,-1.963058483,-1.316919857
FTH1P7,-1.922543056,-1.563802855
FTH1P8,-1.556585878,-1.398480941
FUT4,-1.06730217,-1.341265117
GAPDH,-1.045365304,-1.758283493
GAPDHP1,-1.493349169,-2.48320766
GAPDHP63,-2.155051725,-1.973597342
GAS2L1,-1.400568575,-1.706764666
GAS5,-1.202832667,-1.637749719
GAS6,-1.468943135,-1.40207868
GCK,-1.333643234,-1.554079866
GFPT2,-3.048838017,-1.705892191
GLIS3,-1.319819662,-1.515604285
GNA15,-1.676641637,-1.565014281
GOLM1,-1.112180119,-2.935546775
GPI,-1.120085747,-1.750588426
GPR35,-1.666461865,-1.474736587
GREM2,-2.944549939,-1.559121512
GRM2,-2.236383446,-2.888946512
GSTM3,-1.712149372,-1.304144345
GSTP1,-1.170101467,-2.003910715
GZMB,-1.171500856,-2.495249392
H2AC8,-2.425187175,-1.942859119
H3C10,-1.310288691,-1.509556206
HAR1B,-1.988429687,-1.307311248
HDGFL3,-1.036569896,-1.609790533
HES6,-1.162202022,-2.921163026
HGD,-1.326613493,-1.571239374
HLF,-1.132647278,-1.369033838
HMGB3,-1.787401124,-1.559280115
HMOX1,-1.105587501,-1.957262875
HNRNPA1,-1.133127141,-3.204523194
HNRNPA1P10,-1.905280009,-1.331885059
HNRNPA1P48,-1.430633885,-1.831097707
HNRNPLP2,-2.190890523,-2.077587747
HP,-1.781791699,-1.820642577
HSF4,-1.263371337,-1.505217027
HSPBP1,-1.097723261,-1.381499369
HTRA1,-1.719684796,-1.469520432
HUS1B,-3.245899586,-2.679257638
ID1,-5.245974976,-1.738600175
IDH3G,-1.026000006,-1.673041786
IFI30,-1.410623903,-1.986259246
IGFBP2,-3.405631435,-1.621792099
IGHEP2,-2.031706659,-1.773787492
IL15,-1.348075208,-1.605426054
IL17RC,-1.001348386,-1.972197466
INSIG1-DT,-1.002700606,-1.676906765
INSR,-1.311239511,-1.62252398
IQSEC2,-1.077679327,-2.27868653
IRF2BP2,-1.234922983,-2.229561688
JAM3,-1.062125276,-1.499548517
JOSD1,-1.599084561,-2.045553786
JUN,-3.402088042,-1.435967589
JUND,-1.680871032,-1.772225933
KCNC3,-1.260700164,-1.908672878
KCNMA1,-3.465504607,-1.90869384
KLF10,-1.12921869,-1.569128592
KLF11,-1.720966258,-2.00131336
KLF4,-1.166903784,-1.887203759
KRT5,-1.913829493,-1.616780353
KRT72,-1.037576333,-1.324344612
KRT73,-1.319218244,-3.624694023
KRT81,-1.891279358,-1.491318174
KYNU,-1.268376143,-2.304347109
LAMB2,-1.747714259,-1.867492506
LCNL1,-3.200696282,-1.789852439
LGALS1,-1.514054124,-1.950013462
LGALS9B,-1.451893471,-2.008340002
LGI4,-2.346950656,-1.538209016
LINC00852,-1.927963318,-1.484658213
LINC01393,-2.311476508,-1.317035201
LINC01619,-1.947763609,-1.816967819
LINC01750,-1.33222427,-1.315768526
LINC01970,-1.659013236,-1.776685674
LINC02390,-2.75447108,-2.882472329
LINGO2,-1.508687046,-1.761801344
LMNA,-1.456795976,-2.578355103
LMNTD2-AS1,-1.44824477,-1.388803555
LRFN2,-1.119989368,-1.51021394
LRGUK,-2.367207291,-1.871437144
LRMDA,-1.199881044,-1.858903248
LRP1,-2.149125443,-2.325787386
LRP2BP,-1.958880507,-2.432770213
LRRC39,-1.575710772,-1.633602012
LSM12P1,-1.096934544,-1.68581674
LY6E-DT,-1.764233556,-1.748938423
LYRM4,-1.039310714,-1.826594352
LZTS3,-1.410719699,-1.817616368
MAD2L2,-1.028940741,-1.770338024
MAFB,-2.029298059,-1.878351939
MAN1B1-DT,-1.36751976,-1.989165731
MAP1A,-1.04731276,-1.540837134
MAP3K4-AS1,-1.244764998,-1.696909033
MAPK8IP1,-1.283217142,-1.312712191
MCRIP2,-1.014883162,-1.85805215
METRNL,-1.423178916,-1.510024551
MGAT5B,-2.223716219,-1.955857196
MGLL,-1.312933887,-2.072023538
MGP,-2.31401957,-1.524377661
MIR34AHG,-1.840141731,-1.577837145
MIR4420,-2.31909003,-1.715230722
MIR7111,-3.35728536,-2.034913466
MIR762,-1.576884269,-1.312950747
MMP14,-1.515351288,-2.544594134
MPO,-1.385590694,-1.398513533
MRAS,-1.422931094,-1.79346913
MRPL21,-1.085770055,-1.393270434
MRPL47,-1.050308738,-1.772597465
MRPL54,-1.266152704,-1.807662963
MRPL55,-1.021999725,-1.527309716
MRPS24,-1.153470635,-1.338516253
MS4A4A,-1.135379548,-1.309121969
MT-ATP6,-1.80457578,-2.528226548
MT-CO2,-1.661455029,-2.034652808
MT-CO3,-1.764861062,-2.400355848
MT-CYB,-1.708090585,-1.916433665
MT-ND1,-1.534297491,-1.629450961
MT-ND2,-1.74034844,-2.017832862
MT-ND3,-1.348456166,-1.675577299
MT-ND4,-1.502243708,-1.635668808
MT-TD,-2.673632706,-1.391481266
MT-TF,-4.294353908,-2.396422991
MT-TT,-1.425807527,-1.5648697
MT1E,-1.951626333,-2.042278341
MT1XP1,-2.698091963,-1.359378224
MT2A,-1.493371111,-4.087373775
MTATP6P1,-1.719043686,-2.314520322
MTCO1P12,-1.535048938,-1.821985048
MTCO2P12,-2.931665646,-2.699776715
MTCO3P12,-2.162033183,-2.032915407
MTFP1,-1.674923786,-1.906244199
MTHFD1L,-1.14530358,-3.355842872
MTND2P28,-1.78676563,-2.256507993
MTND5P11,-1.627625522,-2.047456784
MTSS2,-1.712901143,-1.820155348
MVB12B,-1.121089656,-1.47937942
MVD,-1.045779283,-1.921341097
MYL5,-1.024746701,-1.573608622
MZT2B,-1.041117872,-1.391654164
NAP1L5,-1.814413326,-1.668965539
NCBP2AS2,-1.18328847,-1.869982002
NCOR2,-1.094656531,-1.723822587
NDUFA4,-1.071956734,-1.980833376
NDUFAF5,-1.676193174,-2.149958904
NDUFV2,-2.450012804,-1.385981554
NDUFV2P1,-1.796809596,-1.636190468
NECTIN3,-1.763011816,-1.372339605
NEURL1,-1.319487131,-1.554749066
NHSL1,-1.738038576,-1.303152312
NIBAN2,-1.447933572,-1.77190555
NKPD1,-1.2698133,-2.152290747
NPIPB1P,-2.10256522,-1.497128561
NPIPB6,-1.922062715,-1.31462377
NPM1P27,-1.466305518,-2.773592597
NR1D1,-1.414000199,-1.456482037
NUTM2B,-2.080236471,-1.693569813
NXT1,-1.035779403,-1.412676776
NYNRIN,-1.396119108,-2.750556275
OAF,-1.120175947,-1.724770954
OBSL1,-1.209515136,-1.417307431
OLFM1,-1.621875612,-2.556244816
PABPC3,-1.781809782,-2.685362009
PAPLN,-1.314518568,-1.76480524
PARD6G,-3.109582719,-1.543921798
PARVB,-1.046158436,-1.88788112
PC,-1.268770725,-2.117013743
PCNPP1,-1.24739987,-1.33694018
PCSK4,-1.010818968,-1.729448385
PER1,-3.67285333,-1.442205428
PFDN4,-1.126838957,-2.06181857
PHKA1,-2.090924977,-2.032010665
PI4K2A,-1.315048813,-1.743166942
PIGZ,-1.134609272,-1.926652816
PIK3IP1-DT,-1.011643237,-2.022622549
PIK3R1,-1.597386216,-1.488251809
PKD1P1,-1.194696521,-1.342159883
PLBD2,-1.118202513,-2.650169576
PLD3,-1.042579789,-1.876937974
PLD4,-1.056931996,-2.395238235
PLXNB2,-1.520111356,-2.279350507
PLXND1,-1.366898438,-1.746984111
PPIAP45,-3.226089799,-2.542403405
PPP1R16B,-1.122412513,-1.323253656
PRADC1,-1.150880828,-1.628721251
PRF1,-1.090955536,-2.274908942
PSMD10P1,-1.330854971,-2.621038329
PTGER3,-3.151425636,-1.30217942
PTGIR,-1.208313414,-1.434635858
PTRHD1,-1.08257877,-1.825683348
PTS,-1.190882509,-1.858430364
RAB34,-1.60969525,-2.116039665
RABGGTB,-1.56127138,-1.96765402
RAMP1,-1.327286836,-1.456503859
RASAL2,-1.854258498,-1.352866364
RASL10A,-2.387362541,-2.165543641
RASSF8,-2.836438582,-1.412750819
RBM38-AS1,-1.317046769,-1.722793034
RBM8B,-2.082084312,-1.964325996
RBPMS2,-1.986449686,-1.413481765
RDH16,-1.001648198,-1.430751002
RETN,-1.767285225,-1.366646729
RFX5-AS1,-2.118128997,-2.059227069
RGS1,-4.355343835,-1.480298786
RN7SKP127,-1.498864374,-1.443339057
RNASE4,-3.472703546,-1.982646918
RNF217,-1.064980594,-1.817112654
RNF32-AS1,-1.091773141,-2.092360414
RNPS1P1,-1.171910596,-1.401192651
RNVU1-30,-2.279366436,-1.383801176
RNVU1-4,-1.619302655,-1.31758371
RPL10AP6,-2.968329028,-1.648177613
RPL10P16,-1.92254111,-1.910464876
RPL10P6,-1.994636459,-1.958639409
RPL10P9,-3.038023952,-1.882184247
RPL11,-1.009073584,-1.351677641
RPL13AP25,-2.942235458,-1.572388807
RPL13AP5,-1.519629942,-1.563869584
RPL13AP7,-2.106262058,-1.924657834
RPL14,-1.04381167,-1.527971959
RPL14P1,-1.957905121,-2.74940418
RPL15P3,-2.300519777,-2.065318979
RPL18,-1.081004156,-1.480628782
RPL18AP3,-2.197663697,-1.826140255
RPL21P16,-2.467839658,-1.458166727
RPL22P1,-1.850100752,-1.401560805
RPL23,-1.216994645,-1.551606925
RPL23A,-1.211776938,-1.811770089
RPL23AP2,-4.153646676,-1.626970583
RPL23AP42,-2.343010348,-2.005315209
RPL23AP65,-1.628326844,-1.406412198
RPL24P4,-1.89669361,-2.11095929
RPL24P8,-2.447634265,-1.694744598
RPL26P19,-1.370359052,-1.854143876
RPL26P6,-1.85892589,-1.637944854
RPL28,-1.371442771,-1.524840002
RPL29,-1.05207688,-1.418356458
RPL31,-1.163835457,-1.507381717
RPL31P52,-1.20611797,-1.420910741
RPL32P16,-1.490241055,-1.981735855
RPL32P18,-2.101318849,-1.733074939
RPL34,-1.356065808,-1.638772351
RPL35A,-1.093953332,-1.577076509
RPL35P1,-3.03991437,-1.369379318
RPL35P5,-1.714210893,-1.40340142
RPL36A,-1.315857862,-2.257560607
RPL37,-1.213102659,-1.424831081
RPL37A,-1.197795058,-1.55198766
RPL37P2,-2.821628901,-1.820447164
RPL37P23,-1.776067419,-1.39290357
RPL38,-1.400484527,-1.694366196
RPL39P15,-2.357997759,-2.177294692
RPL39P3,-1.573100492,-2.21678486
RPL3P4,-2.279947774,-1.521761572
RPL3P7,-1.147616078,-2.398972629
RPL41P2,-1.187763583,-1.406144489
RPL4P3,-2.253748247,-2.153249133
RPL5P1,-1.955129744,-1.374495933
RPL6P27,-1.668847745,-1.681739515
RPL7AP30,-1.625009153,-2.032835617
RPL7AP6,-1.467628188,-2.148214677
RPL7AP66,-1.859991543,-2.182027298
RPL7P1,-1.176601935,-1.850497933
RPL7P47,-1.331839255,-1.469955634
RPL7P9,-1.985587339,-1.848696758
RPL8,-1.011761598,-1.699248705
RPL9,-1.048143138,-1.74727701
RPLP0P6,-1.324919108,-2.473365022
RPLP1,-1.108524457,-1.632756631
RPS10,-1.316714558,-2.733058071
RPS11P5,-1.200331137,-1.546284254
RPS13P2,-2.077051599,-1.388560125
RPS14,-1.21303997,-1.507179807
RPS15,-1.159624081,-1.351677504
RPS15AP1,-3.145777051,-1.945178863
RPS15AP38,-3.294796636,-1.662367305
RPS15P4,-2.756914109,-1.620103723
RPS16,-1.325782237,-1.748221018
RPS19,-1.029529062,-1.309503979
RPS21,-1.237426568,-1.440832424
RPS23P8,-2.437564618,-1.896472052
RPS27AP5,-2.544910278,-1.653112095
RPS28,-1.194176614,-1.653863298
RPS29,-1.24783818,-1.568882647
RPS2P46,-1.595144216,-1.917596729
RPS3AP26,-1.559988562,-1.345199086
RPS3AP47,-2.64429755,-1.870292911
RPS3AP6,-1.16510044,-1.649663982
RPS4X,-1.048021515,-1.62069002
RPS7P1,-2.372354266,-2.184496848
RPSAP12,-1.300372784,-1.400257632
RPSAP47,-2.01839174,-2.124888723
RPSAP9,-2.101934538,-2.126742099
RRAS,-1.092363449,-1.999667987
RTL5,-1.62617157,-1.453320928
RUNX3,-1.69921232,-1.842203813
RUSC2,-1.119826381,-1.559641125
SAPCD2,-2.160129636,-2.655741618
SBDS,-1.081658508,-1.745538602
SBDSP1,-1.150159394,-2.748461172
SCAND1,-1.239086826,-1.618605593
SCNN1D,-1.127896707,-1.324224279
SCUBE1,-1.975320525,-1.564179545
SCX,-1.339589166,-1.579685598
SDC3,-1.318625692,-1.540536593
SEC14L2,-3.429729854,-1.957266388
SEC61G,-1.174552214,-1.971959875
SEM1,-1.376966306,-2.077940113
SEPTIN7P2,-1.02817806,-1.749387731
SERPINF1,-1.344855422,-1.909735904
SETP14,-1.441647359,-2.560499422
SGSH,-1.115628192,-2.187259941
SH3D19,-1.29233981,-1.442087521
SHB,-1.903700071,-1.755264866
SIDT2,-1.085417544,-1.830819654
SIL1,-1.218496166,-2.043575767
SIVA1,-1.023908367,-2.239101643
SKOR1,-3.102137351,-1.589801295
SLA2,-1.055957503,-2.144414077
SLC22A17,-1.045426264,-1.33253993
SLC25A33,-1.356278103,-2.297628226
SLC3A2,-1.212524539,-3.020745277
SLC4A3,-1.112152126,-2.497430008
SLC5A10,-2.069101678,-2.121154644
SMARCD3,-1.127653897,-2.640384681
SMIM5,-1.171274949,-1.477599844
SMO,-1.845751117,-2.489064644
SMOX,-1.409681892,-1.546075567
SNHG25,-2.453236859,-1.553597006
SNHG3,-1.290150856,-1.570792807
SNORA33,-1.202175618,-1.459113307
SNORA3B,-2.05419496,-1.506194994
SNORA66,-2.377852325,-1.330856342
SNORD100,-1.757710713,-1.828354649
SNORD4A,-1.853692339,-2.236567942
SNORD94,-1.38858808,-1.812842527
SNRPA,-1.018582279,-1.365276629
SNRPA1,-1.197817688,-2.031155481
SORCS3,-1.58391583,-1.403011941
SPATA20,-1.252672151,-1.867486383
SPATA6L,-1.65196652,-1.380558394
SPIRE1,-1.352406409,-1.369343686
SPTBN2,-1.919984055,-1.561405468
SRC,-1.343478148,-1.92706429
SREBF2-AS1,-3.790379231,-1.790110852
SSBL3P1,-1.696924902,-2.22373834
SSBP3-AS1,-1.637583577,-2.335864091
SSC5D,-1.983310823,-1.499685019
SSR4,-1.097610797,-1.314406712
ST13P6,-1.073438497,-1.409556168
ST7,-1.055386947,-2.255154263
STAB1,-1.351527621,-1.746942144
STAG3L4,-1.425060907,-2.713827449
STEAP3,-1.161815188,-2.096254543
STRIP2,-1.05452182,-3.028597187
SUGCT,-1.352715587,-1.399735683
TAGLN,-1.389575034,-1.851661361
TAT-AS1,-1.424239122,-1.626116293
TCEAL4,-1.22211804,-1.895743558
TCN2,-1.298035083,-1.861361058
TCTE1,-2.60650612,-1.542422138
TFRC,-1.221726939,-1.318267998
TGFBI,-1.118454656,-2.56363402
THAP4,-1.04097486,-2.183212098
THUMPD2,-1.305424486,-2.053222118
TIMM23B,-1.221190373,-1.898592899
TIMP1,-1.321331416,-1.777722893
TMEM119,-1.809887362,-1.365970624
TMEM191C,-1.032138497,-1.357921268
TMEM202-AS1,-1.079993509,-1.879893916
TMEM225B,-2.519116051,-1.86617609
TMEM238,-1.192444367,-1.505575911
TMEM269,-1.655390402,-1.434919351
TMSB4XP4,-3.085798311,-1.444913668
TNFSF9,-2.765652838,-1.377222099
TP53I3,-1.166120072,-2.565948254
TPT1P9,-1.075640777,-1.818288547
TRBJ1-1,-1.617654532,-1.488306275
TRBJ2-2P,-1.557769894,-1.321059845
TRBV5-1,-4.543248402,-1.632498024
TRIM45,-1.229135577,-1.350414117
TRIM52-AS1,-1.163122565,-1.347945237
TRPM4,-1.552603527,-1.729471888
TRPS1,-1.002795101,-1.522968419
TSHZ2,-1.124750133,-1.950371549
TSPAN33,-1.391326794,-2.296829507
TSPYL2,-1.31925351,-1.476436488
TTYH3,-1.044340256,-1.348042571
TUBB6,-1.906315247,-1.844152989
TXNDC11,-1.232054919,-1.944723312
UAP1L1,-1.066418083,-2.368447379
UBE2FP1,-2.302663523,-1.476047059
USP36,-1.377203278,-1.421979749
UTF1,-2.651732864,-1.721455339
VAMP5,-1.409552359,-1.789923299
VSIG4,-1.290664838,-1.429968598
WDR49,-1.089158302,-1.454267661
WDR74,-1.066076437,-2.297399561
WHAMM,-1.105731932,-1.90757868
WNT7A,-1.490632336,-1.839328821
WWTR1,-1.812486941,-1.801352072
XRCC6P2,-2.111578416,-2.614283782
XXYLT1,-1.225255218,-2.440945152
Z83745.1,-1.180764002,-1.968124262
Z97353.1,-1.80595804,-2.152591863
Z97633.1,-1.620631349,-1.510721474
ZDHHC14,-1.120259705,-2.926325055
ZFAND2A,-1.339898212,-3.60102289
ZMYND15,-1.40751682,-1.768120769
ZNF295-AS1,-2.260482433,-2.03582593
ZNF358,-1.490554638,-1.694286231
ZNF385A,-1.342121543,-1.88330174
ZNF385C,-1.832983771,-1.350130479
ZNF394,-1.025690828,-1.586507883
ZNF426-DT,-1.911534095,-1.892277116
ZNF618,-1.096554598,-1.561159835
ZNF628,-2.450060574,-1.682924213
ZNF703,-1.605424697,-1.701919452
ZNF804A,-1.204661476,-1.651104426
